x0,y0,z0,x1,y1,z1,x2,y2,z2,x3,y3,z3,x4,y4,z4,x5,y5,z5,x6,y6,z6,x7,y7,z7,x8,y8,z8,x9,y9,z9,x10,y10,z10,x11,y11,z11,x12,y12,z12,x13,y13,z13,x14,y14,z14,x15,y15,z15,x16,y16,z16,x17,y17,z17,x18,y18,z18,x19,y19,z19,x20,y20,z20,label
0.0,0.0,0.0,0.016009508452247124,-0.3274666497308186,0.030304218583405727,-0.017187319700777564,-0.6163489150352081,0.021313043427204206,-0.03211780935126641,-0.8413744531232646,0.009832387696949604,-0.008619961735568385,-1.0,-0.0038258889013931046,-0.2250426182756885,-0.6866296371406354,-0.08861700628817011,-0.48179264026743246,-0.6782985150099967,-0.09512009728090509,-0.4290097284097808,-0.5737244648187828,-0.07971369787186354,-0.3467289315685089,-0.5285508166454688,-0.06799626315406473,-0.30575716992998486,-0.5167662890662181,-0.1221819605978663,-0.5189905625147296,-0.4953146960420234,-0.1161724108484519,-0.46164699999334435,-0.39798312653877055,-0.09344886507206555,-0.385878165016905,-0.36232145891425016,-0.09424481785344581,-0.372817354497049,-0.3276526874552597,-0.14488877701207095,-0.5475497588766657,-0.3229693481198041,-0.14410406066868092,-0.49987254010215554,-0.24531367363642567,-0.11966667242663398,-0.4256527899363855,-0.20817813817775568,-0.11805308585105202,-0.4268721389182179,-0.12924730339521254,-0.161353225884534,-0.6267758483580848,-0.23364269322002354,-0.16335397340335608,-0.7396778131329643,-0.267551276046384,-0.14470577643367005,-0.8319748970958789,-0.30897722633630215,-0.13777247320316505,thumbs_up
0.0,0.0,0.0,0.1024713137111412,-0.21085898652063623,0.017568144746385503,0.11045034572571354,-0.49923126787051564,-0.026964758961522936,0.03469559436608932,-0.7499240970000883,-0.07823314433686795,-0.05458573779074213,-0.827562743353685,-0.1323301130550005,0.15595618310947068,-0.5520658358107184,-0.14668629876464212,-0.01583297122826771,-0.8585274158272276,-0.18634401536696643,-0.07367448524700525,-0.7869357839276061,-0.16812100517364953,-0.05894949730675329,-0.6683500078457895,-0.15148749499850797,0.0640442800055522,-0.4353144091771287,-0.18810014947421067,-0.13688813353132578,-0.7998779083914501,-0.2297741951500294,-0.22236312590221727,-0.9199201682840981,-0.20908632639630942,-0.25056269122090447,-1.0,-0.20507499676591273,-0.059562671946005445,-0.3224114942561448,-0.21650745357429216,-0.22482876063304977,-0.6635643997013814,-0.22748260046777996,-0.22931916529079677,-0.5817692313364322,-0.15031322998986207,-0.1847691817908865,-0.47165768400316627,-0.10775758406794561,-0.17365480932661911,-0.2178242105926307,-0.24303055544627294,-0.29324870143453113,-0.521423532788867,-0.25152323441273994,-0.2802900186681924,-0.4704908411242518,-0.19976529570924723,-0.2342421556012145,-0.3670149041539477,-0.1632474795578909,thumbs_up
0.0,0.0,0.0,-0.008707445149612837,-0.21255744773260832,0.0360038497607074,-0.08267474921027305,-0.3949933416116744,0.028065370808413412,-0.1963905269119428,-0.4645639329645709,0.01194233979686216,-0.29484785678342446,-0.46317688831318915,-0.010114758020578417,-0.09001942508260802,-0.5183502694925275,-0.04448260676293467,-0.20446573608674273,-0.7376125038027433,-0.0712430489705635,-0.26912086314142,-0.8876402949206829,-0.08152080738251874,-0.3157631842785502,-1.0,-0.09336803450100553,-0.1673201087154094,-0.44843097375102603,-0.0806753696461029,-0.3317472625031331,-0.5357170873760402,-0.11431919208955922,-0.31654968248289006,-0.4363547524246674,-0.1020994710148035,-0.26246211606642317,-0.38795671186589853,-0.09315365933000166,-0.23990515144963445,-0.3342721405761802,-0.1101939928640752,-0.3975281450839856,-0.40478971068537395,-0.13717060772653547,-0.3801896684007814,-0.3294156307579274,-0.10877418243680949,-0.33351147232655187,-0.2972313876043004,-0.0919083729977787,-0.3069908054927877,-0.20247300291400155,-0.1357225009426327,-0.4530895734996145,-0.28748069928384057,-0.1609758856233649,-0.532981025506602,-0.3154649439681316,-0.15309105278143847,-0.5933010251622025,-0.3565725993927091,-0.14726883450014452,thumbs_up
0.0,0.0,0.0,0.039242369943841816,-0.2679830232273036,0.05209655209196136,-0.02455421627881281,-0.4577677341360477,0.0687918454067912,-0.12060191924401051,-0.5509317188500493,0.08186266664035272,-0.2083275902140385,-0.5727956339294299,0.08899762389249481,-0.08190752692654478,-0.5214481692728662,-0.030958754735167498,-0.16365284575203037,-0.7693161552993246,-0.017015858346194377,-0.22292861655708235,-0.9115280597042356,0.001472244317308868,-0.26766661937698194,-1.0,0.0081301355983727,-0.19680543611735105,-0.44752570732257235,-0.045042403071590346,-0.2318828399181418,-0.5941383539289996,-0.014237259314030443,-0.19788665536644912,-0.5533539704621009,0.01851219296748393,-0.1633863089863176,-0.5061660369966702,0.027721967627653755,-0.26648645038471613,-0.3451356956211769,-0.047818931604191435,-0.2921219139278431,-0.5067207943053358,-0.010424634415193389,-0.2512182136556921,-0.4762136247632994,0.014504226721729074,-0.22388062962965452,-0.4263604357016052,0.01002160129648611,-0.3181641584083413,-0.23439591686070005,-0.044428141443986977,-0.425539982083709,-0.3532023969370628,-0.03474359291703825,-0.4782786263399958,-0.4128419733380309,-0.03786367204433513,-0.5201724683937935,-0.4603074815643069,-0.04926466383341148,thumbs_up
0.0,0.0,0.0,0.02159695274090113,-0.23745191569726207,0.034239637876516696,-0.03809015620474765,-0.41677305141157484,0.03953955754062149,-0.13156931261037144,-0.5260409369857646,0.045596439980696755,-0.21852237293273058,-0.5624027233717989,0.0480581072488268,-0.0841961347312915,-0.499788395572414,-0.05999307410485706,-0.19351664228288507,-0.7318952970224213,-0.08098117867385249,-0.27155192794012434,-0.8918896522959153,-0.08326081103652393,-0.33065305912817033,-1.0,-0.08998237664909084,-0.18781249760312718,-0.43289586217469156,-0.07781460628013796,-0.293935394775026,-0.5812700323955262,-0.09171647469043676,-0.26463844866527075,-0.5018127882861536,-0.06640986671960526,-0.22007384746947029,-0.43125506620029225,-0.05286413720181189,-0.262497646817016,-0.3261299477401628,-0.08818887863809478,-0.36230804264787964,-0.45692711535737457,-0.09762676863660835,-0.32495954564126434,-0.40377037438983504,-0.07473263439483717,-0.28417154220937935,-0.3525969576924156,-0.06851850799587655,-0.3275627315621863,-0.20755651595518743,-0.09348995426238124,-0.4598048190663211,-0.30394046376661316,-0.1267191371003544,-0.5307537107960201,-0.3461976592152199,-0.14305491153032585,-0.5870941299407498,-0.39562532724899,-0.15716757731989484,thumbs_up
0.0,0.0,0.0,0.04920369279003254,-0.3229620275952962,0.016943601648734104,0.0332437932662586,-0.60944749964334,-0.004754634611017787,0.004091718523903016,-0.8343476560642396,-0.020696991798529463,0.02582621994714638,-1.0,-0.03446944280448059,-0.10660324203968777,-0.6595071765093513,-0.169308051751807,-0.3673279879618747,-0.8133977005618245,-0.18539290170408249,-0.33970785297454464,-0.7019706315939647,-0.15360304207952663,-0.26860587113363543,-0.6230113018770508,-0.13169606209409873,-0.20533225854115858,-0.49734479344289023,-0.19683596995267794,-0.43543041647701414,-0.6163792298181373,-0.21116125727630106,-0.3843275090184037,-0.5170276504935496,-0.17316685322973824,-0.3040285812063941,-0.46135928233208107,-0.16481542240734814,-0.3036779185830067,-0.32794444085897323,-0.21149719175105972,-0.48968758916500793,-0.43844950118547,-0.22453943176288044,-0.43253621585404795,-0.3664557631165973,-0.18578490929244926,-0.35069685638149717,-0.3132940993145334,-0.1779098876380902,-0.3903502868565683,-0.16133771289207127,-0.21987947207395592,-0.576067305144736,-0.3081827152358372,-0.24696520083230347,-0.679732507099233,-0.3753899907608068,-0.2422268502405875,-0.7697791340294431,-0.44335559344832504,-0.24697233934037757,thumbs_up
0.0,0.0,0.0,0.03526915487803742,-0.29915397190356263,0.012753378554618394,0.01677200987337818,-0.6079377774613858,-0.007145871652602179,-0.011349242289076012,-0.8361634764280002,-0.02355664161977251,0.014797716003727387,-1.0,-0.040398725633875865,-0.07260613640132814,-0.691603911938162,-0.14681814290896406,-0.3494187999082413,-0.8278486035601517,-0.17443803188454887,-0.33135933888833435,-0.7075824651983406,-0.1604893251239482,-0.26231283760363416,-0.6377477846599287,-0.15043994139040948,-0.15833886239666903,-0.5440390596464012,-0.17755944966626358,-0.42610478433059895,-0.6523648353143829,-0.19773584765282742,-0.3836602170970952,-0.5360536287516833,-0.1676524283191199,-0.3068877738065336,-0.4677539299766258,-0.16242401072637955,-0.2541031750728079,-0.38278619653852375,-0.19887104136392164,-0.4872473730820307,-0.4973717065487203,-0.21997275977322667,-0.4481205807026726,-0.4056508617984186,-0.18612185315093774,-0.3772112838030314,-0.3436236977694398,-0.17855619690398694,-0.3460164750180469,-0.21368848240994326,-0.21544479936824434,-0.5572347040507327,-0.3685609056128536,-0.24729160065398878,-0.6608832233752442,-0.43640113725974117,-0.24269159587067995,-0.7475325256577919,-0.5068630937296099,-0.2453659539332333,thumbs_up
0.0,0.0,0.0,0.04282854357011133,-0.34723992887455307,0.09621470620553488,0.02986065432629712,-0.6232425627836936,0.13840109593852215,0.011532191901990483,-0.8448523446894638,0.1772259013801115,0.02951544581222236,-1.0,0.2162995362772626,-0.16854225244960738,-0.7594586720350578,-0.02557696649648606,-0.42545623447872866,-0.8342710378306809,0.02325871458965849,-0.3941419093389805,-0.7129323665923488,0.08082274073628642,-0.31687000654234365,-0.6479336930934844,0.1162603570555858,-0.2704029840912972,-0.5974072000195174,-0.06385561780135421,-0.49739508413175815,-0.658179632650526,-0.0057732922555529115,-0.4561778475606817,-0.5334601808638039,0.05693228807351955,-0.38409562264053987,-0.47937924225493644,0.07956749999607168,-0.37147341334612183,-0.41109890748400035,-0.0847004104505461,-0.5506658316761399,-0.48871849383014915,-0.03353940226489676,-0.5170811918874938,-0.3958278209776225,0.022202642381913915,-0.44600450904313127,-0.337678277686483,0.035631282307511995,-0.4575555583579766,-0.20785795465192927,-0.09447044341683954,-0.6571564706796106,-0.36593116077865556,-0.07730661775692142,-0.7706620967298063,-0.4125868752170812,-0.053757325894024724,-0.857916406738838,-0.4690951164368636,-0.045384918184265766,thumbs_up
0.0,0.0,0.0,0.06006725349686818,-0.2956836381920202,0.017668709517080834,0.06318147034810005,-0.6010328949341825,0.010003669386800642,0.058595543945630706,-0.8357685823362255,0.00023926028588450206,0.10348028833728048,-1.0,-0.010771208676687087,-0.09099493181307357,-0.6872592549574834,-0.07405345136583806,-0.32672445118382565,-0.7950739984328246,-0.0796952215098711,-0.3072623421918515,-0.6786934122883707,-0.0625716257803353,-0.24281577689074957,-0.6060825913264603,-0.05060661086395292,-0.19184025055084672,-0.5546891789148193,-0.10198560322708838,-0.4020454365841108,-0.6285380438631082,-0.10016218830758315,-0.3699296387237258,-0.5211922751205206,-0.0799048836220681,-0.3046562041289226,-0.4614049820073406,-0.08028417926420532,-0.2896890070213352,-0.3965237521868481,-0.12303429421369261,-0.46751356965514335,-0.49137170041554395,-0.13200160404505482,-0.43841570090150256,-0.40449385723910575,-0.10789675306026952,-0.3727156828355659,-0.338606468427139,-0.10359347501728573,-0.3756510208897837,-0.22689022224663277,-0.13926856373418375,-0.5375837912251595,-0.39289193734640016,-0.15509546795444956,-0.6377842697053965,-0.45436241693469953,-0.14452514865853622,-0.715920884072158,-0.5169620518082853,-0.14115915236732648,thumbs_up
0.0,0.0,0.0,0.06036668742664281,-0.3028214304006176,0.00710476510995743,0.06638557826625956,-0.5900155860419757,-0.013089673017051346,0.07865701238554634,-0.8295008216304394,-0.029096690570390098,0.130748957409398,-1.0,-0.04648416447403441,-0.1336629399716654,-0.6704342541648037,-0.12986067167730958,-0.3484377866889171,-0.7715500864904943,-0.13093315978223666,-0.3175440240263629,-0.6844592767376363,-0.10370693619004799,-0.25126800146515815,-0.6170435760555748,-0.0849983512033178,-0.2409649845774201,-0.5207275285624795,-0.1464915015938951,-0.4196045253179126,-0.610083402517346,-0.1324012933765549,-0.38539690176964086,-0.5251479020692508,-0.09799327625937236,-0.3267282779733001,-0.46834057990374384,-0.09183597174602838,-0.33147950970933704,-0.3558953929261425,-0.1520179146402665,-0.4833790923444291,-0.46291219431437264,-0.1405882542706709,-0.45566991483562774,-0.39539669834461577,-0.10657613785787425,-0.39611956680578664,-0.3367908698864906,-0.10306615358584066,-0.40599586422233613,-0.18597260206028965,-0.15363570381759206,-0.568209568709815,-0.33138200513183824,-0.15649388766735314,-0.6628206804420185,-0.3959617069944122,-0.14285211087002148,-0.7363382355112518,-0.4542159612354069,-0.14166146444729036,thumbs_up
0.0,0.0,0.0,0.054058718439306604,-0.32451903832993323,0.04667094345611811,0.0489755601382338,-0.5988718771489259,0.05500805998083078,0.03265864617366942,-0.8327272590743456,0.062144776880897125,0.0713921622456464,-1.0,0.06683250179623827,-0.15641043165545454,-0.6848389671384806,-0.06897275732978024,-0.3775750360532729,-0.8002631497559602,-0.03549154544089929,-0.3665302808674371,-0.7070399687010118,0.0163525622878457,-0.3108992948182178,-0.6331752729338715,0.04911092689534898,-0.2565055300776124,-0.5407868758068316,-0.09480999762753299,-0.4461406547918367,-0.6224456458171777,-0.058907384164564425,-0.4182851662116019,-0.5269249316830091,-0.014310096455055486,-0.3583019509812943,-0.47110513606570753,-0.0011001700479517024,-0.34462079822347186,-0.3731187611546873,-0.10613655125282306,-0.5110572279446306,-0.4844700789334722,-0.07840305388998428,-0.4878907330329435,-0.4133104445482144,-0.03760842238173374,-0.4291723573628668,-0.3595483995859553,-0.030295161853675312,-0.4191960594227684,-0.19439061855083598,-0.10973623080474047,-0.5931510808727316,-0.3537788577320223,-0.10283727586919983,-0.6873039915500877,-0.4186494216776293,-0.08334082659635529,-0.7607102497949949,-0.4859310462620987,-0.07755084150893844,thumbs_up
0.0,0.0,0.0,0.057826287298501616,-0.3240498670611646,0.05275207388078953,0.048515080229193444,-0.6045518308287904,0.06591859094074157,0.030239340960350657,-0.8389790322971805,0.07808369101822007,0.06573560552586467,-1.0,0.0876042464383336,-0.14920230316691832,-0.67511841959147,-0.06419283308755405,-0.373032562675268,-0.7883547367198379,-0.02911955318716564,-0.3543698775788411,-0.6948610173299142,0.0208329062610648,-0.29327251631580087,-0.6221094578673879,0.05205703288865609,-0.25101053937555123,-0.5291441751346301,-0.08892183778221595,-0.44008089931239414,-0.613118886760109,-0.044994116652535804,-0.40542968665237933,-0.515517274390096,0.001912932633835378,-0.34598771065667827,-0.4623536109200031,0.014505670066153364,-0.3405539394697508,-0.36230740462292726,-0.09837380971891077,-0.5035040200754873,-0.47485905164766296,-0.060227109033602455,-0.4737635028968285,-0.400064076135724,-0.016330380905327648,-0.4137787305521908,-0.34419504673601015,-0.010218977858137235,-0.41665762537925544,-0.18453722861778074,-0.09982772053309891,-0.5877746689931495,-0.3400599660728349,-0.08510228741288468,-0.6804851788834669,-0.402437701275013,-0.06272129575171724,-0.7560780107806184,-0.4679346168132206,-0.05676220316297754,thumbs_up
0.0,0.0,0.0,0.057826287298501616,-0.3240498670611646,0.05275207388078953,0.048515080229193444,-0.6045518308287904,0.06591859094074157,0.030239340960350657,-0.8389790322971805,0.07808369101822007,0.06573560552586467,-1.0,0.0876042464383336,-0.14920230316691832,-0.67511841959147,-0.06419283308755405,-0.373032562675268,-0.7883547367198379,-0.02911955318716564,-0.3543698775788411,-0.6948610173299142,0.0208329062610648,-0.29327251631580087,-0.6221094578673879,0.05205703288865609,-0.25101053937555123,-0.5291441751346301,-0.08892183778221595,-0.44008089931239414,-0.613118886760109,-0.044994116652535804,-0.40542968665237933,-0.515517274390096,0.001912932633835378,-0.34598771065667827,-0.4623536109200031,0.014505670066153364,-0.3405539394697508,-0.36230740462292726,-0.09837380971891077,-0.5035040200754873,-0.47485905164766296,-0.060227109033602455,-0.4737635028968285,-0.400064076135724,-0.016330380905327648,-0.4137787305521908,-0.34419504673601015,-0.010218977858137235,-0.41665762537925544,-0.18453722861778074,-0.09982772053309891,-0.5877746689931495,-0.3400599660728349,-0.08510228741288468,-0.6804851788834669,-0.402437701275013,-0.06272129575171724,-0.7560780107806184,-0.4679346168132206,-0.05676220316297754,thumbs_up
0.0,0.0,0.0,0.057826287298501616,-0.3240498670611646,0.05275207388078953,0.048515080229193444,-0.6045518308287904,0.06591859094074157,0.030239340960350657,-0.8389790322971805,0.07808369101822007,0.06573560552586467,-1.0,0.0876042464383336,-0.14920230316691832,-0.67511841959147,-0.06419283308755405,-0.373032562675268,-0.7883547367198379,-0.02911955318716564,-0.3543698775788411,-0.6948610173299142,0.0208329062610648,-0.29327251631580087,-0.6221094578673879,0.05205703288865609,-0.25101053937555123,-0.5291441751346301,-0.08892183778221595,-0.44008089931239414,-0.613118886760109,-0.044994116652535804,-0.40542968665237933,-0.515517274390096,0.001912932633835378,-0.34598771065667827,-0.4623536109200031,0.014505670066153364,-0.3405539394697508,-0.36230740462292726,-0.09837380971891077,-0.5035040200754873,-0.47485905164766296,-0.060227109033602455,-0.4737635028968285,-0.400064076135724,-0.016330380905327648,-0.4137787305521908,-0.34419504673601015,-0.010218977858137235,-0.41665762537925544,-0.18453722861778074,-0.09982772053309891,-0.5877746689931495,-0.3400599660728349,-0.08510228741288468,-0.6804851788834669,-0.402437701275013,-0.06272129575171724,-0.7560780107806184,-0.4679346168132206,-0.05676220316297754,thumbs_up
0.0,0.0,0.0,0.05437007043611119,-0.3290454522201953,0.04791633825461288,0.04454842744092713,-0.6097601049523509,0.053047170225264124,0.030130205124289457,-0.8383559161822625,0.056790502186465426,0.06756168987195198,-1.0,0.05748842001075037,-0.14217820479769935,-0.6762428630864227,-0.0797064703976057,-0.3609794628751975,-0.7865819346784512,-0.05203550718737617,-0.33669222183834446,-0.6924435970573627,-0.007185192881412901,-0.27307909704892075,-0.6205944040700788,0.02030313586538955,-0.24482710002351146,-0.5278893081304556,-0.1078528249111641,-0.43226014716210587,-0.619366919194401,-0.07036719985273195,-0.401574411262117,-0.5255925934605875,-0.027112556527681797,-0.3434072268644553,-0.46679327073185667,-0.01823464018010828,-0.33586289465175945,-0.36055749132432036,-0.12065406711275437,-0.49691194692306007,-0.4820153683828019,-0.08626793743985098,-0.4695833985379549,-0.40651446459004753,-0.04272575590867259,-0.4114512419369918,-0.3426468212778493,-0.03754804433511057,-0.41464166941975067,-0.18537151010375535,-0.1260694684317651,-0.5826885950753942,-0.34304233298229936,-0.10805272275095704,-0.6739239725452634,-0.40573591510874873,-0.08183802365107061,-0.7485650258285901,-0.46633236540695117,-0.07466898026019846,thumbs_up
0.0,0.0,0.0,0.05437007043611119,-0.3290454522201953,0.04791633825461288,0.04454842744092713,-0.6097601049523509,0.053047170225264124,0.030130205124289457,-0.8383559161822625,0.056790502186465426,0.06756168987195198,-1.0,0.05748842001075037,-0.14217820479769935,-0.6762428630864227,-0.0797064703976057,-0.3609794628751975,-0.7865819346784512,-0.05203550718737617,-0.33669222183834446,-0.6924435970573627,-0.007185192881412901,-0.27307909704892075,-0.6205944040700788,0.02030313586538955,-0.24482710002351146,-0.5278893081304556,-0.1078528249111641,-0.43226014716210587,-0.619366919194401,-0.07036719985273195,-0.401574411262117,-0.5255925934605875,-0.027112556527681797,-0.3434072268644553,-0.46679327073185667,-0.01823464018010828,-0.33586289465175945,-0.36055749132432036,-0.12065406711275437,-0.49691194692306007,-0.4820153683828019,-0.08626793743985098,-0.4695833985379549,-0.40651446459004753,-0.04272575590867259,-0.4114512419369918,-0.3426468212778493,-0.03754804433511057,-0.41464166941975067,-0.18537151010375535,-0.1260694684317651,-0.5826885950753942,-0.34304233298229936,-0.10805272275095704,-0.6739239725452634,-0.40573591510874873,-0.08183802365107061,-0.7485650258285901,-0.46633236540695117,-0.07466898026019846,thumbs_up
0.0,0.0,0.0,0.05384613540585938,-0.3289004612412622,0.05602212326528279,0.04526641959971925,-0.6069094463426786,0.06686746187329735,0.02601268492327639,-0.8387976487382263,0.07614389082603101,0.05802250300191009,-1.0,0.08310350726538271,-0.14772160796145545,-0.6768558125521162,-0.06738117015529488,-0.3680158197539248,-0.7864314925445258,-0.029722234440141295,-0.3473669554834113,-0.6959054034634037,0.024184902400023602,-0.286208801725305,-0.6258840920150894,0.057423604752231655,-0.2476487823859006,-0.5283279755057763,-0.09417483430498752,-0.4375757890036661,-0.6182779072917302,-0.048583234063901054,-0.4066186108710719,-0.5204517860497639,0.002599924220175341,-0.3493449294057486,-0.4660597111681149,0.01729831301464143,-0.33772217194330356,-0.3615915996733195,-0.10470508984932653,-0.5031233491387038,-0.48092978022245614,-0.06257683652886763,-0.4768900552083976,-0.40468826628825627,-0.012251954359437637,-0.4201541121405357,-0.3432826292202907,-0.0032118842790941956,-0.4163763169512378,-0.18743488816946507,-0.1072947538158197,-0.5833080046183426,-0.34579051897306856,-0.08644421398930152,-0.6724097556495021,-0.4081337285496065,-0.05850492228237072,-0.7455225582014757,-0.46998689215342276,-0.04981433420575448,thumbs_up
0.0,0.0,0.0,0.05596998810199561,-0.33172135581136275,0.0561805372955485,0.04692886662917765,-0.6137249290586769,0.06760817928963411,0.030203693507255665,-0.8410184252933504,0.07657525742133407,0.06480266909733735,-1.0,0.08394298362259842,-0.14576533876968292,-0.6693228010995519,-0.060001507625328916,-0.36364793028882875,-0.7836733983609618,-0.02625879460921728,-0.33351132107317466,-0.690109095829217,0.020554680260622488,-0.2661709238395947,-0.6160651872688894,0.04829957134101563,-0.24685083700578847,-0.5241214999921504,-0.088802739864148,-0.4372375697504824,-0.6158617907231125,-0.03839872645182921,-0.4028991762818191,-0.5194293825288168,0.009390376817817554,-0.34246057993991796,-0.46611363738531914,0.01900078873491322,-0.3383594221243111,-0.3579675805072972,-0.10269158409322496,-0.5004314137831612,-0.47617930748457044,-0.05674343511212753,-0.4720063366913939,-0.3990907556522141,-0.009502021058170199,-0.4107264125420388,-0.3371271896101564,-0.004775508807847182,-0.4170656259017998,-0.18160348228000592,-0.1093292090621496,-0.5837077349260053,-0.33462111214532725,-0.08910069436700137,-0.6766383935380174,-0.3956142257284273,-0.06499697817466289,-0.749910265302611,-0.45774121515754435,-0.05978705777610149,thumbs_up
0.0,0.0,0.0,0.05596998810199561,-0.33172135581136275,0.0561805372955485,0.04692886662917765,-0.6137249290586769,0.06760817928963411,0.030203693507255665,-0.8410184252933504,0.07657525742133407,0.06480266909733735,-1.0,0.08394298362259842,-0.14576533876968292,-0.6693228010995519,-0.060001507625328916,-0.36364793028882875,-0.7836733983609618,-0.02625879460921728,-0.33351132107317466,-0.690109095829217,0.020554680260622488,-0.2661709238395947,-0.6160651872688894,0.04829957134101563,-0.24685083700578847,-0.5241214999921504,-0.088802739864148,-0.4372375697504824,-0.6158617907231125,-0.03839872645182921,-0.4028991762818191,-0.5194293825288168,0.009390376817817554,-0.34246057993991796,-0.46611363738531914,0.01900078873491322,-0.3383594221243111,-0.3579675805072972,-0.10269158409322496,-0.5004314137831612,-0.47617930748457044,-0.05674343511212753,-0.4720063366913939,-0.3990907556522141,-0.009502021058170199,-0.4107264125420388,-0.3371271896101564,-0.004775508807847182,-0.4170656259017998,-0.18160348228000592,-0.1093292090621496,-0.5837077349260053,-0.33462111214532725,-0.08910069436700137,-0.6766383935380174,-0.3956142257284273,-0.06499697817466289,-0.749910265302611,-0.45774121515754435,-0.05978705777610149,thumbs_up
0.0,0.0,0.0,0.05596998810199561,-0.33172135581136275,0.0561805372955485,0.04692886662917765,-0.6137249290586769,0.06760817928963411,0.030203693507255665,-0.8410184252933504,0.07657525742133407,0.06480266909733735,-1.0,0.08394298362259842,-0.14576533876968292,-0.6693228010995519,-0.060001507625328916,-0.36364793028882875,-0.7836733983609618,-0.02625879460921728,-0.33351132107317466,-0.690109095829217,0.020554680260622488,-0.2661709238395947,-0.6160651872688894,0.04829957134101563,-0.24685083700578847,-0.5241214999921504,-0.088802739864148,-0.4372375697504824,-0.6158617907231125,-0.03839872645182921,-0.4028991762818191,-0.5194293825288168,0.009390376817817554,-0.34246057993991796,-0.46611363738531914,0.01900078873491322,-0.3383594221243111,-0.3579675805072972,-0.10269158409322496,-0.5004314137831612,-0.47617930748457044,-0.05674343511212753,-0.4720063366913939,-0.3990907556522141,-0.009502021058170199,-0.4107264125420388,-0.3371271896101564,-0.004775508807847182,-0.4170656259017998,-0.18160348228000592,-0.1093292090621496,-0.5837077349260053,-0.33462111214532725,-0.08910069436700137,-0.6766383935380174,-0.3956142257284273,-0.06499697817466289,-0.749910265302611,-0.45774121515754435,-0.05978705777610149,thumbs_up
0.0,0.0,0.0,0.053176462643478715,-0.3427158113124727,0.07823097949168957,0.048456210579892564,-0.6128734260876307,0.09696457756932331,0.02968150022603936,-0.8402556401978641,0.11267556358239544,0.06374635069928386,-1.0,0.12590506418860611,-0.15215368925622108,-0.682688636566853,-0.06076515954971596,-0.36636753186904847,-0.7877772421197302,-0.006671631798304232,-0.34124965062381235,-0.6907098761379347,0.060966660695532054,-0.27879194311936817,-0.6175666659788567,0.10170637058980316,-0.2505916728725882,-0.5347713563424518,-0.09320877554792516,-0.43604011557708194,-0.6163314843751465,-0.027477024318152236,-0.40184308053816753,-0.515218670413355,0.03877296825662677,-0.3442143615966945,-0.4609569687340358,0.05981038183487047,-0.340659697276085,-0.36819366727131414,-0.10598430595881657,-0.5010528494402791,-0.4791971882329475,-0.039936863642622826,-0.47107840470612067,-0.4034229174521769,0.02362727994958341,-0.4119589515025208,-0.3423142553613222,0.03468330113162857,-0.4188256082897356,-0.19515869338620717,-0.10964787091527507,-0.5867040084938275,-0.3513629579329185,-0.07644790236694797,-0.6751598063877535,-0.4151084332377277,-0.04375468951915844,-0.7462650982098809,-0.4781039455904817,-0.03451924654766941,thumbs_up
0.0,0.0,0.0,0.053176462643478715,-0.3427158113124727,0.07823097949168957,0.048456210579892564,-0.6128734260876307,0.09696457756932331,0.02968150022603936,-0.8402556401978641,0.11267556358239544,0.06374635069928386,-1.0,0.12590506418860611,-0.15215368925622108,-0.682688636566853,-0.06076515954971596,-0.36636753186904847,-0.7877772421197302,-0.006671631798304232,-0.34124965062381235,-0.6907098761379347,0.060966660695532054,-0.27879194311936817,-0.6175666659788567,0.10170637058980316,-0.2505916728725882,-0.5347713563424518,-0.09320877554792516,-0.43604011557708194,-0.6163314843751465,-0.027477024318152236,-0.40184308053816753,-0.515218670413355,0.03877296825662677,-0.3442143615966945,-0.4609569687340358,0.05981038183487047,-0.340659697276085,-0.36819366727131414,-0.10598430595881657,-0.5010528494402791,-0.4791971882329475,-0.039936863642622826,-0.47107840470612067,-0.4034229174521769,0.02362727994958341,-0.4119589515025208,-0.3423142553613222,0.03468330113162857,-0.4188256082897356,-0.19515869338620717,-0.10964787091527507,-0.5867040084938275,-0.3513629579329185,-0.07644790236694797,-0.6751598063877535,-0.4151084332377277,-0.04375468951915844,-0.7462650982098809,-0.4781039455904817,-0.03451924654766941,thumbs_up
0.0,0.0,0.0,0.05231584220236254,-0.3359996867749282,0.05763691432919268,0.038834279857219905,-0.6143594556663623,0.06925617755852691,0.023203673289488077,-0.842289737819732,0.07747201083572616,0.05796315014607684,-1.0,0.08327977782929648,-0.15500125308792198,-0.6868245263487145,-0.05981231622103457,-0.3714943794300192,-0.7912807721898667,-0.03118068401006397,-0.35145566786333904,-0.6972416366935666,0.01317219216289606,-0.289267106495211,-0.6226406562265397,0.04166054759241939,-0.25685325261533243,-0.5388225526805105,-0.08951248577411905,-0.44236561734391266,-0.6189625132509279,-0.05048296796998192,-0.41220250576304734,-0.5234307427030536,-0.006062001365885214,-0.35332607436731256,-0.46926394547381955,0.005084483666203156,-0.34763529768859536,-0.37009343526407695,-0.10402895582763189,-0.509026454821943,-0.482547240351395,-0.06663356146206807,-0.4834589579774917,-0.40785519444816065,-0.019787614565100926,-0.4246855381019724,-0.34700171742157476,-0.011702807078746512,-0.4245363058692862,-0.19280153995655502,-0.11083519028247735,-0.592373157136725,-0.35150557872741434,-0.09121094059506132,-0.6797044101001826,-0.41699238509071174,-0.06326649748490899,-0.747511946553095,-0.4809064363311562,-0.05375945123423749,thumbs_up
0.0,0.0,0.0,0.05451294973902008,-0.3270732673207159,0.02524342138637317,0.0424461417156157,-0.6088799259421687,0.01939618941745984,0.02769154690422161,-0.838939409208512,0.012878276783950392,0.0650660894234134,-1.0,0.004911981047105607,-0.16196453792602622,-0.6815927244662787,-0.09495647017478658,-0.38432483504863846,-0.7904052974846975,-0.0902097902814574,-0.36012165052137746,-0.6988279831648075,-0.057844391997792205,-0.2957090870235224,-0.6226259993426759,-0.035007477987219315,-0.2681614880033302,-0.5369756157095378,-0.11962568914167375,-0.45495785884548984,-0.6215443012589933,-0.10839959784706446,-0.42424612834631353,-0.5324829731302347,-0.07597332714300359,-0.36335933848287794,-0.4771652065936993,-0.06792707404185723,-0.3565231433255025,-0.36696455565047986,-0.13292139525352112,-0.5231186378706753,-0.4833864898137565,-0.1279505405854318,-0.4981631768905535,-0.4142192150295264,-0.09281470733607859,-0.437816982862479,-0.35789229406590356,-0.0840991978567876,-0.4271919958393111,-0.18419707971902183,-0.14050559400440293,-0.5965520620376134,-0.3434388883627821,-0.1464251184016069,-0.6868195392351037,-0.40709550391381255,-0.12842914039664102,-0.7563092724719486,-0.465677481790656,-0.12073919628943948,thumbs_up
0.0,0.0,0.0,0.05451294973902008,-0.3270732673207159,0.02524342138637317,0.0424461417156157,-0.6088799259421687,0.01939618941745984,0.02769154690422161,-0.838939409208512,0.012878276783950392,0.0650660894234134,-1.0,0.004911981047105607,-0.16196453792602622,-0.6815927244662787,-0.09495647017478658,-0.38432483504863846,-0.7904052974846975,-0.0902097902814574,-0.36012165052137746,-0.6988279831648075,-0.057844391997792205,-0.2957090870235224,-0.6226259993426759,-0.035007477987219315,-0.2681614880033302,-0.5369756157095378,-0.11962568914167375,-0.45495785884548984,-0.6215443012589933,-0.10839959784706446,-0.42424612834631353,-0.5324829731302347,-0.07597332714300359,-0.36335933848287794,-0.4771652065936993,-0.06792707404185723,-0.3565231433255025,-0.36696455565047986,-0.13292139525352112,-0.5231186378706753,-0.4833864898137565,-0.1279505405854318,-0.4981631768905535,-0.4142192150295264,-0.09281470733607859,-0.437816982862479,-0.35789229406590356,-0.0840991978567876,-0.4271919958393111,-0.18419707971902183,-0.14050559400440293,-0.5965520620376134,-0.3434388883627821,-0.1464251184016069,-0.6868195392351037,-0.40709550391381255,-0.12842914039664102,-0.7563092724719486,-0.465677481790656,-0.12073919628943948,thumbs_up
0.0,0.0,0.0,0.05507861249207226,-0.33381897133738414,0.03366191486718795,0.0440692833323104,-0.6038987857771231,0.03490508758067431,0.03183038728288222,-0.8366515400274146,0.03295721311004275,0.06922464146156836,-1.0,0.02855561722083164,-0.16797538308885207,-0.7045180445590131,-0.06949291405346304,-0.39636685744389205,-0.7947017763252112,-0.06978706357319545,-0.3734095291433949,-0.7040509472370547,-0.04752171428592484,-0.3119751708300088,-0.63558775240901,-0.030089143629942722,-0.278423568915076,-0.5563974303893288,-0.0949352611631625,-0.4765549238936967,-0.6460535199165286,-0.09007005032364042,-0.4531309458049469,-0.5563466672804271,-0.06570037757307269,-0.3952535853843164,-0.4979845639231572,-0.06025263368638312,-0.36928282084330694,-0.38595434644734955,-0.10973381825056201,-0.5453028140919414,-0.5090628132735939,-0.11052277222363838,-0.5281144509912232,-0.4382184833977782,-0.08162456983866732,-0.4745202438675096,-0.3819963583543035,-0.07376537449148346,-0.44105725362630166,-0.20432394279752042,-0.11778848193537553,-0.6116870230569366,-0.36584397184885126,-0.12787207164158884,-0.7044253411485505,-0.4323329037009759,-0.11393920457444343,-0.7763109221240205,-0.4967686787782074,-0.10665103826068906,thumbs_up
0.0,0.0,0.0,0.10461716254437303,-0.3757975579149036,0.02880496776992027,0.07449093846825405,-0.6809136765945211,0.05773919268200219,-0.05193193772503435,-0.8964836343119066,0.08313829061125574,-0.16512552778276238,-0.9876875857243138,0.1055914605170665,-0.2833167331025176,-0.8599096803349867,0.020350946327536562,-0.4901624987205173,-0.9743127539369955,0.06037837358789197,-0.49186877699369497,-0.9109702343527433,0.09568329234469541,-0.4484363437272187,-0.8416475225372839,0.1191184125762108,-0.42600636990283575,-0.7014292854205705,0.008609481304124957,-0.6049339154118422,-0.7932979309218641,0.04874231307886927,-0.5916383077963447,-0.7186237249192112,0.07326140838484942,-0.5393186318527933,-0.6535106601506155,0.08171304139103651,-0.526994917448865,-0.49806182254960724,0.0034261615965205006,-0.6948871275390412,-0.6249094191992959,0.010869015140140043,-0.6905399065672524,-0.5801321473978865,0.02210953392163119,-0.649447051852015,-0.5201224670916638,0.024519702319429564,-0.5957741547329437,-0.2680398637294935,0.005461047277951312,-0.7972443466177503,-0.4519388903857564,-0.009665366023951502,-0.9135627303197275,-0.530384955921487,-0.004542312275857166,-1.0,-0.5881809616507754,0.0027497914575120757,thumbs_up
0.0,0.0,0.0,0.10461716254437303,-0.3757975579149036,0.02880496776992027,0.07449093846825405,-0.6809136765945211,0.05773919268200219,-0.05193193772503435,-0.8964836343119066,0.08313829061125574,-0.16512552778276238,-0.9876875857243138,0.1055914605170665,-0.2833167331025176,-0.8599096803349867,0.020350946327536562,-0.4901624987205173,-0.9743127539369955,0.06037837358789197,-0.49186877699369497,-0.9109702343527433,0.09568329234469541,-0.4484363437272187,-0.8416475225372839,0.1191184125762108,-0.42600636990283575,-0.7014292854205705,0.008609481304124957,-0.6049339154118422,-0.7932979309218641,0.04874231307886927,-0.5916383077963447,-0.7186237249192112,0.07326140838484942,-0.5393186318527933,-0.6535106601506155,0.08171304139103651,-0.526994917448865,-0.49806182254960724,0.0034261615965205006,-0.6948871275390412,-0.6249094191992959,0.010869015140140043,-0.6905399065672524,-0.5801321473978865,0.02210953392163119,-0.649447051852015,-0.5201224670916638,0.024519702319429564,-0.5957741547329437,-0.2680398637294935,0.005461047277951312,-0.7972443466177503,-0.4519388903857564,-0.009665366023951502,-0.9135627303197275,-0.530384955921487,-0.004542312275857166,-1.0,-0.5881809616507754,0.0027497914575120757,thumbs_up
0.0,0.0,0.0,0.08585466301845422,-0.41187060472838066,0.09402902304105798,0.018939953485609035,-0.7302006485075654,0.16936996880931898,-0.1321926633570988,-0.9390094264548772,0.22805130234469542,-0.27839976453717674,-1.0,0.2800867755242663,-0.3158921839494536,-0.8967933756543767,0.17426953416248303,-0.49620112883647627,-0.9812437437318189,0.2722535743449191,-0.516780061775635,-0.9178503343400545,0.33118686612598947,-0.49921454151302974,-0.8526219382605803,0.3689617607125365,-0.4494451438651801,-0.7265953225748553,0.1455677771180561,-0.6165156585001221,-0.7951482173666221,0.24179476096064292,-0.6092685531012824,-0.7234911334523355,0.2779289685751904,-0.5648034225340972,-0.655757291580298,0.296195564145554,-0.5397006775750888,-0.5184477116552509,0.12472318607587261,-0.6973298858932927,-0.6155740613493113,0.1799382770127459,-0.6828032719547957,-0.5726362464709962,0.2048180518299779,-0.6403393530109348,-0.5154682110893078,0.21717375460803892,-0.6025441866065112,-0.28537350814510126,0.11424896015355057,-0.7983446124854384,-0.4652970303792152,0.14189195648468905,-0.9081436875981426,-0.5544958881367337,0.16811611418569258,-0.9851300160141405,-0.6219909951036313,0.1909139077859452,thumbs_up
0.0,0.0,0.0,0.07171649469351288,-0.3908908677691549,0.05943713908477679,0.0020802425557516647,-0.7155434449302313,0.1103244894425277,-0.18340258290983458,-0.9005128389555913,0.15144752210869158,-0.3459872445101637,-0.9132760352353513,0.18750860221978205,-0.3278664955615236,-0.8720643784689095,0.1003003848473619,-0.5321754167186817,-0.9549833903354652,0.16336354822558002,-0.568284910696614,-0.8876029716543336,0.19770184460520474,-0.5499703405506386,-0.817605511051765,0.21761964502712836,-0.4642754345885155,-0.7160784212662706,0.08184836240934729,-0.6447982935779596,-0.7730323533485554,0.15051303296903853,-0.6489279529154532,-0.6922563128305613,0.16707543338863365,-0.6063014594139532,-0.621512570183016,0.1674073490816333,-0.5558486996433118,-0.5135807629271343,0.07117448240107571,-0.7244349405673691,-0.604896152152043,0.10391138189252087,-0.7245170597664111,-0.5543377395269329,0.10668708954187454,-0.6864347162518577,-0.4966705056632623,0.09996822055941056,-0.6191684026535522,-0.2810203513500177,0.07006067343626941,-0.8091860557953967,-0.4559238043214669,0.08137840401129813,-0.9186797022677702,-0.5275766587073468,0.09247488507932171,-1.0,-0.5826048085638641,0.10077965519797649,thumbs_up
0.0,0.0,0.0,0.07171649469351288,-0.3908908677691549,0.05943713908477679,0.0020802425557516647,-0.7155434449302313,0.1103244894425277,-0.18340258290983458,-0.9005128389555913,0.15144752210869158,-0.3459872445101637,-0.9132760352353513,0.18750860221978205,-0.3278664955615236,-0.8720643784689095,0.1003003848473619,-0.5321754167186817,-0.9549833903354652,0.16336354822558002,-0.568284910696614,-0.8876029716543336,0.19770184460520474,-0.5499703405506386,-0.817605511051765,0.21761964502712836,-0.4642754345885155,-0.7160784212662706,0.08184836240934729,-0.6447982935779596,-0.7730323533485554,0.15051303296903853,-0.6489279529154532,-0.6922563128305613,0.16707543338863365,-0.6063014594139532,-0.621512570183016,0.1674073490816333,-0.5558486996433118,-0.5135807629271343,0.07117448240107571,-0.7244349405673691,-0.604896152152043,0.10391138189252087,-0.7245170597664111,-0.5543377395269329,0.10668708954187454,-0.6864347162518577,-0.4966705056632623,0.09996822055941056,-0.6191684026535522,-0.2810203513500177,0.07006067343626941,-0.8091860557953967,-0.4559238043214669,0.08137840401129813,-0.9186797022677702,-0.5275766587073468,0.09247488507932171,-1.0,-0.5826048085638641,0.10077965519797649,thumbs_up
0.0,0.0,0.0,0.06864488179140166,-0.3161807878784661,0.059311246518667225,0.062081277301774894,-0.6017151194717705,0.09754475269046478,0.03465632914912222,-0.8339787993884235,0.12607482799452735,0.03563528755191372,-1.0,0.14961540830754252,-0.2463314211552827,-0.766241892433068,0.0687483143468188,-0.417765607791201,-0.8137764291521125,0.14189360492252068,-0.42838470745687957,-0.7205059786887211,0.18671029545065798,-0.39479592643754996,-0.6528392169115274,0.21048804366747534,-0.3555315341700638,-0.6372254871247268,0.04539271224827629,-0.49467525437408283,-0.6298619900606239,0.1275967390705628,-0.48186628372802337,-0.5288038179098246,0.15650947763054096,-0.42741378361134763,-0.4740339877142537,0.15734280094978842,-0.437719256081042,-0.45524737633279333,0.03216678301330308,-0.5646882466025002,-0.49065706749000154,0.08223765479490397,-0.5463774207422366,-0.4133996293763535,0.10188269748704795,-0.49109771055640217,-0.3511217499517228,0.09810952966652571,-0.5001220554046301,-0.24885566944909207,0.02615202611664872,-0.6552652689424818,-0.38248894095592506,0.04798943748849557,-0.7569533154495733,-0.4289960324657595,0.06909170433752107,-0.8332984121199689,-0.47000706761575983,0.07987370465163733,thumbs_up
0.0,0.0,0.0,0.06864488179140166,-0.3161807878784661,0.059311246518667225,0.062081277301774894,-0.6017151194717705,0.09754475269046478,0.03465632914912222,-0.8339787993884235,0.12607482799452735,0.03563528755191372,-1.0,0.14961540830754252,-0.2463314211552827,-0.766241892433068,0.0687483143468188,-0.417765607791201,-0.8137764291521125,0.14189360492252068,-0.42838470745687957,-0.7205059786887211,0.18671029545065798,-0.39479592643754996,-0.6528392169115274,0.21048804366747534,-0.3555315341700638,-0.6372254871247268,0.04539271224827629,-0.49467525437408283,-0.6298619900606239,0.1275967390705628,-0.48186628372802337,-0.5288038179098246,0.15650947763054096,-0.42741378361134763,-0.4740339877142537,0.15734280094978842,-0.437719256081042,-0.45524737633279333,0.03216678301330308,-0.5646882466025002,-0.49065706749000154,0.08223765479490397,-0.5463774207422366,-0.4133996293763535,0.10188269748704795,-0.49109771055640217,-0.3511217499517228,0.09810952966652571,-0.5001220554046301,-0.24885566944909207,0.02615202611664872,-0.6552652689424818,-0.38248894095592506,0.04798943748849557,-0.7569533154495733,-0.4289960324657595,0.06909170433752107,-0.8332984121199689,-0.47000706761575983,0.07987370465163733,thumbs_up
0.0,0.0,0.0,0.061641147442372195,-0.30996834573724,0.0222870161849418,0.05613299580056265,-0.5978633724820633,0.03163752401609653,0.03802230590104767,-0.8311045745833315,0.03564600521371802,0.05345611862670932,-1.0,0.03598873489378034,-0.23784255138711036,-0.757873909815639,-0.002878577246199964,-0.42385994643991676,-0.7923242286826784,0.021463897056723018,-0.4114192013320993,-0.6884576048415385,0.03425548747563838,-0.3564760930722667,-0.6199547232752513,0.040223899071213265,-0.3497441738265594,-0.61530984409536,-0.023032615533136628,-0.5000498691990077,-0.6141730658428388,0.0125681242989704,-0.4747961209088591,-0.5142609004348763,0.023342050420710414,-0.41167192828978233,-0.4597992271682888,0.015409362261334653,-0.436547572257511,-0.42936830939189163,-0.036118745908691144,-0.5681540789201205,-0.4624769495828033,-0.021871721508001988,-0.5405652124301091,-0.3847574934106447,-0.01016146463584323,-0.4737802120708819,-0.3247804839566279,-0.014986342657050318,-0.5039805200202294,-0.22363757770931328,-0.04480478892510149,-0.6614425158870026,-0.3564874333844704,-0.043621394769658914,-0.7634691916822685,-0.4046691094121774,-0.027105007050019607,-0.8369933310511836,-0.4491582107382191,-0.018104422249137175,thumbs_up
0.0,0.0,0.0,0.061641147442372195,-0.30996834573724,0.0222870161849418,0.05613299580056265,-0.5978633724820633,0.03163752401609653,0.03802230590104767,-0.8311045745833315,0.03564600521371802,0.05345611862670932,-1.0,0.03598873489378034,-0.23784255138711036,-0.757873909815639,-0.002878577246199964,-0.42385994643991676,-0.7923242286826784,0.021463897056723018,-0.4114192013320993,-0.6884576048415385,0.03425548747563838,-0.3564760930722667,-0.6199547232752513,0.040223899071213265,-0.3497441738265594,-0.61530984409536,-0.023032615533136628,-0.5000498691990077,-0.6141730658428388,0.0125681242989704,-0.4747961209088591,-0.5142609004348763,0.023342050420710414,-0.41167192828978233,-0.4597992271682888,0.015409362261334653,-0.436547572257511,-0.42936830939189163,-0.036118745908691144,-0.5681540789201205,-0.4624769495828033,-0.021871721508001988,-0.5405652124301091,-0.3847574934106447,-0.01016146463584323,-0.4737802120708819,-0.3247804839566279,-0.014986342657050318,-0.5039805200202294,-0.22363757770931328,-0.04480478892510149,-0.6614425158870026,-0.3564874333844704,-0.043621394769658914,-0.7634691916822685,-0.4046691094121774,-0.027105007050019607,-0.8369933310511836,-0.4491582107382191,-0.018104422249137175,thumbs_up
0.0,0.0,0.0,0.06515265964083365,-0.30661849467598673,0.02479820768447333,0.060735673381285646,-0.5981140288248981,0.03897315796063707,0.04350286471821329,-0.830911637461834,0.047968647574959784,0.0635194196153845,-1.0,0.05345037575498289,-0.2359234086752956,-0.7548321964867455,0.005505294744630021,-0.4227727988225125,-0.7978891520360862,0.03669374833930711,-0.4113268814860316,-0.6919687907236247,0.055962012132496505,-0.3553787643873125,-0.6197465731954304,0.06591694488914036,-0.34610655743476265,-0.6107334061658684,-0.013885045308814301,-0.49671415708451305,-0.6109014758304979,0.026682441042478477,-0.47254275390911593,-0.509116107058757,0.03971441682425237,-0.40985262818145946,-0.4555960931794556,0.0332206313180395,-0.43100124175810867,-0.42231703219530387,-0.026279785916487178,-0.5628550269235352,-0.4581663550301624,-0.008326594528265546,-0.5381461810375735,-0.3813414085632022,0.0033287926976935923,-0.4749977539077077,-0.32365345006817137,-0.001888534741249311,-0.4969221494554036,-0.21586693107186342,-0.03411959195620823,-0.6530674579670935,-0.3466082316536506,-0.030960919054558344,-0.7538099780572978,-0.3951277681503268,-0.015966225403592355,-0.8273373582743928,-0.4424896165758513,-0.008426968977902523,thumbs_up
0.0,0.0,0.0,0.06515265964083365,-0.30661849467598673,0.02479820768447333,0.060735673381285646,-0.5981140288248981,0.03897315796063707,0.04350286471821329,-0.830911637461834,0.047968647574959784,0.0635194196153845,-1.0,0.05345037575498289,-0.2359234086752956,-0.7548321964867455,0.005505294744630021,-0.4227727988225125,-0.7978891520360862,0.03669374833930711,-0.4113268814860316,-0.6919687907236247,0.055962012132496505,-0.3553787643873125,-0.6197465731954304,0.06591694488914036,-0.34610655743476265,-0.6107334061658684,-0.013885045308814301,-0.49671415708451305,-0.6109014758304979,0.026682441042478477,-0.47254275390911593,-0.509116107058757,0.03971441682425237,-0.40985262818145946,-0.4555960931794556,0.0332206313180395,-0.43100124175810867,-0.42231703219530387,-0.026279785916487178,-0.5628550269235352,-0.4581663550301624,-0.008326594528265546,-0.5381461810375735,-0.3813414085632022,0.0033287926976935923,-0.4749977539077077,-0.32365345006817137,-0.001888534741249311,-0.4969221494554036,-0.21586693107186342,-0.03411959195620823,-0.6530674579670935,-0.3466082316536506,-0.030960919054558344,-0.7538099780572978,-0.3951277681503268,-0.015966225403592355,-0.8273373582743928,-0.4424896165758513,-0.008426968977902523,thumbs_up
0.0,0.0,0.0,0.06917059613182698,-0.3093922207870587,0.0350799569938087,0.05829678836727902,-0.5952758287129215,0.05898552265700465,0.0349611236766257,-0.8281933014839842,0.0771702507624572,0.0477090889093196,-1.0,0.09218016725662223,-0.237299272954939,-0.7524037187029381,0.03055499249295418,-0.4177374459228509,-0.7994203098825109,0.08112416638518342,-0.4140156407754395,-0.7103224605596385,0.11360027056019316,-0.3665237770244736,-0.6466235976603701,0.1303409819108951,-0.3460440485523963,-0.6089238576819164,0.01153134810555592,-0.4964679231554545,-0.6149446114623814,0.06931231485269201,-0.47443850010998745,-0.5195781841358655,0.08984517306621427,-0.41401994156565686,-0.4710779613408313,0.08644239313412445,-0.43215898258814506,-0.41973301258368917,0.00016124888299866267,-0.5632394538983491,-0.4596224893255797,0.03207464983630671,-0.5400471253800206,-0.3869639523275031,0.0469777472160679,-0.4793470413383495,-0.33015403879453786,0.04119598693788432,-0.49710451061237615,-0.2118460683726938,-0.006203069968444464,-0.6526866895478107,-0.343141579193764,0.002975501022619763,-0.7569518043577581,-0.39238887040097464,0.017242225764642856,-0.834280259231893,-0.4393729588872657,0.02294122557533758,thumbs_up
0.0,0.0,0.0,0.06917059613182698,-0.3093922207870587,0.0350799569938087,0.05829678836727902,-0.5952758287129215,0.05898552265700465,0.0349611236766257,-0.8281933014839842,0.0771702507624572,0.0477090889093196,-1.0,0.09218016725662223,-0.237299272954939,-0.7524037187029381,0.03055499249295418,-0.4177374459228509,-0.7994203098825109,0.08112416638518342,-0.4140156407754395,-0.7103224605596385,0.11360027056019316,-0.3665237770244736,-0.6466235976603701,0.1303409819108951,-0.3460440485523963,-0.6089238576819164,0.01153134810555592,-0.4964679231554545,-0.6149446114623814,0.06931231485269201,-0.47443850010998745,-0.5195781841358655,0.08984517306621427,-0.41401994156565686,-0.4710779613408313,0.08644239313412445,-0.43215898258814506,-0.41973301258368917,0.00016124888299866267,-0.5632394538983491,-0.4596224893255797,0.03207464983630671,-0.5400471253800206,-0.3869639523275031,0.0469777472160679,-0.4793470413383495,-0.33015403879453786,0.04119598693788432,-0.49710451061237615,-0.2118460683726938,-0.006203069968444464,-0.6526866895478107,-0.343141579193764,0.002975501022619763,-0.7569518043577581,-0.39238887040097464,0.017242225764642856,-0.834280259231893,-0.4393729588872657,0.02294122557533758,thumbs_up
0.0,0.0,0.0,0.054911545589802,-0.4146449537600338,0.0949124183809239,-0.005984228347261901,-0.7240464767413748,0.14125326989260834,-0.10677029960188571,-0.9076878658006755,0.16470864508065022,-0.24128853520446222,-0.9469596922283813,0.17512931193349174,-0.31841884747678756,-0.9087655240192644,0.10939829929513242,-0.5946196386826149,-0.9346920198161823,0.1647253302916962,-0.6540128835631148,-0.8413700863236055,0.1944744487922152,-0.6487010520197577,-0.78378288652947,0.20932278151390082,-0.4442188882953503,-0.7587767435335991,0.05782695664394011,-0.6840266540226023,-0.7537652457890699,0.11535259747000255,-0.6949502208769317,-0.6437870853542291,0.13016402276287314,-0.6434171725052148,-0.5794503736670215,0.1245156917957149,-0.5382793573923182,-0.5490562836031765,0.017198495967757313,-0.7438092061598015,-0.591659045796862,0.04750733099987161,-0.7447831408499291,-0.49902593630050857,0.05734903608050978,-0.6988805341469294,-0.42517616013605497,0.050983552811003106,-0.6027385419688532,-0.3030994155617803,-0.013387414893824844,-0.8113074643183752,-0.4522707927186771,0.00768640981151992,-0.9223715395710852,-0.4989736445050655,0.03437399769377359,-1.0,-0.5366415405162938,0.049233035504956,thumbs_up
0.0,0.0,0.0,0.047130176290281635,-0.3859592256325745,0.06292854943033459,0.014104633308684382,-0.6974012538415012,0.09488289989082181,-0.030196848543401687,-0.9014162934125431,0.10734776961186769,-0.09691558934094496,-1.0,0.11108306937112612,-0.2946206278318071,-0.8790229157054327,0.08527000562836155,-0.5046647877259614,-0.9068564565052536,0.11992647890147394,-0.5000334422323468,-0.8021745354780442,0.1261362488945535,-0.45086239740947204,-0.7253754474863892,0.12709201897142983,-0.4165232163455773,-0.7296123701075226,0.043720876333212484,-0.5995940699400734,-0.7145363398084351,0.08531482013190503,-0.5728069693102291,-0.6013011110554921,0.07951741581004679,-0.5019118163602461,-0.5303290452204421,0.06079838121378122,-0.5117329543836903,-0.5229314704494321,0.009623266397928942,-0.6731414001323581,-0.538552009980148,0.02681680257214096,-0.6385606871133693,-0.4394387518050094,0.023116883802345986,-0.5692801948301114,-0.3625041101650873,0.009126380875789462,-0.5797323584575576,-0.29025172100016666,-0.017450213224490835,-0.7701234065116234,-0.4108385467663061,-0.007895781784509103,-0.883578538126567,-0.4542599922373227,0.009440590328400033,-0.9683998524972339,-0.4918025737176009,0.018256832692671525,thumbs_up
0.0,0.0,0.0,0.039342904729088614,-0.3868022677254068,0.055375857408706486,-0.0055218941414054085,-0.6976987548382009,0.08141439039341185,-0.0905654807990907,-0.882754651773651,0.09019696196990926,-0.2056393061596476,-0.9264627235839423,0.0897501233725109,-0.3140166106005845,-0.8954608341505005,0.05763754377153613,-0.5489286258876191,-0.9020198143123781,0.08241829438945636,-0.5468878047363667,-0.794358498591917,0.08966582794340652,-0.4965464520479219,-0.7227575157285329,0.09198240607120071,-0.42385046237842333,-0.7480315798308004,0.015691016350603496,-0.6198481529770693,-0.7132365543988473,0.04477894466257059,-0.5892786430527732,-0.5941865430933179,0.04414296641511847,-0.5211726645638438,-0.5280494491530647,0.031112744788746715,-0.5060165005004322,-0.5400697852591094,-0.019176486580475327,-0.6786490643766736,-0.539699294869316,-0.021582993377048918,-0.6424771115799186,-0.4388161464237461,-0.027476079754502298,-0.5739323367018013,-0.36580775601536064,-0.03844901586635595,-0.5669451142297524,-0.3028365480495133,-0.04634282053331903,-0.7770884791504591,-0.41852867357516976,-0.05643450951693758,-0.9021501782963893,-0.4623179695775717,-0.04736739469311724,-1.0,-0.50423117249401,-0.04167618673909047,thumbs_up
0.0,0.0,0.0,0.039342904729088614,-0.3868022677254068,0.055375857408706486,-0.0055218941414054085,-0.6976987548382009,0.08141439039341185,-0.0905654807990907,-0.882754651773651,0.09019696196990926,-0.2056393061596476,-0.9264627235839423,0.0897501233725109,-0.3140166106005845,-0.8954608341505005,0.05763754377153613,-0.5489286258876191,-0.9020198143123781,0.08241829438945636,-0.5468878047363667,-0.794358498591917,0.08966582794340652,-0.4965464520479219,-0.7227575157285329,0.09198240607120071,-0.42385046237842333,-0.7480315798308004,0.015691016350603496,-0.6198481529770693,-0.7132365543988473,0.04477894466257059,-0.5892786430527732,-0.5941865430933179,0.04414296641511847,-0.5211726645638438,-0.5280494491530647,0.031112744788746715,-0.5060165005004322,-0.5400697852591094,-0.019176486580475327,-0.6786490643766736,-0.539699294869316,-0.021582993377048918,-0.6424771115799186,-0.4388161464237461,-0.027476079754502298,-0.5739323367018013,-0.36580775601536064,-0.03844901586635595,-0.5669451142297524,-0.3028365480495133,-0.04634282053331903,-0.7770884791504591,-0.41852867357516976,-0.05643450951693758,-0.9021501782963893,-0.4623179695775717,-0.04736739469311724,-1.0,-0.50423117249401,-0.04167618673909047,thumbs_up
0.0,0.0,0.0,0.027401298639946767,-0.39370139924418657,0.06420061471564463,-0.018596425742567965,-0.7006003842408299,0.0967168837282889,-0.11329871959973536,-0.8799231094654205,0.11118781537354425,-0.22730304585744196,-0.9316077167625221,0.11728479455594466,-0.3065575788209539,-0.8734970639619682,0.06855995170637671,-0.5017214997552154,-0.9157084760713801,0.10003436626236333,-0.5095729096868812,-0.8173734137461108,0.11079845853524167,-0.4753432333215478,-0.7358319085126355,0.11474009409452943,-0.4252633791034254,-0.7329176267567875,0.026261834905892352,-0.5953210237016302,-0.712136760755322,0.06156438748691329,-0.5630094585780209,-0.5912727887457137,0.0626292216127866,-0.49699875669344434,-0.5221084225174701,0.049905311507939136,-0.5139020484582384,-0.5327992065208664,-0.008222109989930676,-0.6619246317692047,-0.5380652845040872,-0.0013153429904039333,-0.6210805391065352,-0.44232665470036187,-0.007825797419188355,-0.5548107108667196,-0.3716171903813958,-0.022553133899166966,-0.5760507677508014,-0.3058341773511448,-0.03454911439012159,-0.7758153254427466,-0.41437337794464413,-0.041760909405752424,-0.901060803812835,-0.4546254117963079,-0.03621687222476415,-1.0,-0.4934633512672554,-0.03447119323935653,thumbs_up
0.0,0.0,0.0,0.02753055989743364,-0.36081316014050174,0.019057538729413168,-0.04372452764054901,-0.6655007590028555,0.02385751998186062,-0.19962381818046293,-0.8282020395048982,0.0195984566496292,-0.34852636262984393,-0.8404568543669663,0.010338289471817981,-0.339249574388087,-0.8227551951002235,-0.005421397619569013,-0.5677879604136283,-0.7996866913872027,-0.012872352574652027,-0.5556602960813195,-0.6892905624491116,-0.020761936770751253,-0.49255150983236756,-0.6121831702622733,-0.023949676174743764,-0.450079419243639,-0.6621719633341903,-0.03235781914775717,-0.6323420330182277,-0.6166290184377802,-0.029169770968193925,-0.5943171773865167,-0.49992736731837883,-0.02780839572817238,-0.5178039344031544,-0.4400027180917609,-0.034634944182405036,-0.5286523794657182,-0.4521760595400774,-0.055292525530575086,-0.6894646035287002,-0.45024929997869556,-0.07647019057360951,-0.6525129434385559,-0.3573547004005892,-0.07280894112333837,-0.5743472636113905,-0.29624322622237426,-0.07347560924901475,-0.5827237706311919,-0.215039888169939,-0.07332195277420989,-0.781601847054294,-0.3366961629315729,-0.09935277347324138,-0.9064380551568078,-0.37833202426936985,-0.09243277707193939,-1.0,-0.4179230762696895,-0.08487759681894538,thumbs_up
0.0,0.0,0.0,0.02753055989743364,-0.36081316014050174,0.019057538729413168,-0.04372452764054901,-0.6655007590028555,0.02385751998186062,-0.19962381818046293,-0.8282020395048982,0.0195984566496292,-0.34852636262984393,-0.8404568543669663,0.010338289471817981,-0.339249574388087,-0.8227551951002235,-0.005421397619569013,-0.5677879604136283,-0.7996866913872027,-0.012872352574652027,-0.5556602960813195,-0.6892905624491116,-0.020761936770751253,-0.49255150983236756,-0.6121831702622733,-0.023949676174743764,-0.450079419243639,-0.6621719633341903,-0.03235781914775717,-0.6323420330182277,-0.6166290184377802,-0.029169770968193925,-0.5943171773865167,-0.49992736731837883,-0.02780839572817238,-0.5178039344031544,-0.4400027180917609,-0.034634944182405036,-0.5286523794657182,-0.4521760595400774,-0.055292525530575086,-0.6894646035287002,-0.45024929997869556,-0.07647019057360951,-0.6525129434385559,-0.3573547004005892,-0.07280894112333837,-0.5743472636113905,-0.29624322622237426,-0.07347560924901475,-0.5827237706311919,-0.215039888169939,-0.07332195277420989,-0.781601847054294,-0.3366961629315729,-0.09935277347324138,-0.9064380551568078,-0.37833202426936985,-0.09243277707193939,-1.0,-0.4179230762696895,-0.08487759681894538,thumbs_up
0.0,0.0,0.0,0.037112401485093476,-0.20428498603309464,0.025890331487248074,-0.0018716577751398172,-0.389142978296277,0.010901059737158362,-0.09420464106329443,-0.5053763636293234,1.5422926717393205e-05,-0.18262199933194026,-0.5523923911362524,-0.017365573282867548,0.00994851103835559,-0.4526270654911112,-0.12076224394466946,-0.09973363745566123,-0.7098840362408577,-0.16895027020272022,-0.1614382866188046,-0.8736662215832605,-0.19360585474827166,-0.21061503772909632,-1.0,-0.21704010060926862,-0.07648825636488105,-0.3874831809600289,-0.1483607703095197,-0.23133942974060648,-0.5783381038150921,-0.18491916188340093,-0.22343310793100066,-0.45920374770922445,-0.15748454880291143,-0.17352262904185425,-0.38403746571294434,-0.1432710030422815,-0.16465594172913361,-0.29391261977799776,-0.16774473610144744,-0.2992920257896029,-0.4553102886177683,-0.18906630429225807,-0.27744566641092216,-0.3699509986797641,-0.1465254136866051,-0.22820743547166447,-0.31261829236693156,-0.1261748297033017,-0.2508199615363857,-0.19747479109699376,-0.1834548474866188,-0.37365314329059485,-0.3737595871589974,-0.22697515799610563,-0.43860207828689696,-0.4433490638984834,-0.23005602443813122,-0.48475071075186593,-0.5168130342294874,-0.23381848328991087,rock
0.0,0.0,0.0,0.03648922047744329,-0.2074912282899232,0.0006107369978309071,-0.0099271069944017,-0.4096830164670326,-0.01695047931961636,-0.09332845745239682,-0.5397272980121918,-0.022144543039296347,-0.1757496269139162,-0.600216672877118,-0.03162966537362856,-0.010668240352750918,-0.4660760638242098,-0.1504269371052682,-0.11371127721002887,-0.7175933880051615,-0.19850657142562197,-0.18780980261780625,-0.8805637786972936,-0.2191169740003678,-0.2610072991741779,-1.0,-0.2391780035682228,-0.11739164795541238,-0.38126413238090184,-0.16324676940145683,-0.26149069846015216,-0.5920649811366975,-0.20974515602369984,-0.22531833136343773,-0.4954621544830367,-0.1900783571783909,-0.1781590345298785,-0.4204704746382859,-0.177778644235477,-0.2158217059580227,-0.26792176944701906,-0.16771904919825123,-0.3304304216128767,-0.4459306189016383,-0.20592284181816234,-0.28693366589202285,-0.36619413516061095,-0.17355285809045617,-0.23718752191729017,-0.2963959784345493,-0.1542990070019979,-0.30420768315184166,-0.16262461005838533,-0.16874153987227214,-0.4423497187385645,-0.3247230623524287,-0.22889911832908194,-0.5222774324300782,-0.41385180490758805,-0.2512205128397338,-0.5886604188968158,-0.5080183774960823,-0.2669485948661625,rock
0.0,0.0,0.0,0.03646927236084552,-0.20200957677657452,0.0054488027261486195,-0.013330584348310148,-0.39813189973764374,-0.012265024067177532,-0.09983066939503431,-0.5207500193288009,-0.01986843186364268,-0.1879586209029385,-0.5684038121549809,-0.032246132097134596,-0.00671339253959827,-0.4686262943853699,-0.1388657954151939,-0.1142917051095041,-0.7149179788774863,-0.18541989801762365,-0.18671238228760226,-0.8799778156908629,-0.20620579160097716,-0.2560537701470535,-1.0,-0.22606819115564158,-0.11084765296813068,-0.3884789212982769,-0.156040790647423,-0.2636464118013927,-0.5919538582863858,-0.20494363636235668,-0.23499537655081412,-0.4945137337573643,-0.18859512004111714,-0.1868469313595621,-0.4232696908938153,-0.17682929233031724,-0.20951875924560978,-0.2773442742937256,-0.16452112423675555,-0.33386329641102824,-0.44334978944492837,-0.2035206654998798,-0.29575123060032676,-0.37145737097381076,-0.17333876859712685,-0.24425922241522388,-0.3083752570730526,-0.1541149616995798,-0.2987557612712681,-0.16941233229043715,-0.1690818965640978,-0.4368550236842241,-0.33386758482766443,-0.22445523106574977,-0.5180892217451588,-0.422112725567107,-0.24125673201157244,-0.5839287875429744,-0.5126557153975806,-0.252467354089702,rock
0.0,0.0,0.0,0.03951882328831876,-0.2031995216405495,0.0015165479662281494,-0.005669964012157755,-0.4043407998968373,-0.024857657259904287,-0.09862915191814008,-0.5264831997187667,-0.04540809660480482,-0.18924902740833738,-0.5807795024946725,-0.07235072858384045,0.005329264321111923,-0.4520475451839823,-0.13310178844489115,-0.11095195912589338,-0.7055051172715769,-0.17719767553103405,-0.1914494069583066,-0.8758625192968017,-0.1933656335793045,-0.2570581633017644,-1.0,-0.20904744980106155,-0.10097671899133837,-0.381213631765893,-0.15668808595999287,-0.24555392242018342,-0.5901921528187601,-0.2081994788246013,-0.22465013188971286,-0.5084528102591018,-0.1985289833932051,-0.17224558303959484,-0.43062913220552534,-0.1900342838278272,-0.19750758627657045,-0.27861472885503796,-0.1716838210536627,-0.31894887410169,-0.4409999388087585,-0.21009899459243433,-0.2882151418343163,-0.3747746704399897,-0.18436056209848878,-0.2421078288238674,-0.3216798104632095,-0.16821414418859268,-0.2847267071843035,-0.17431035622748192,-0.18366519961430508,-0.40940620265635697,-0.33082457456686665,-0.22318817076530412,-0.46993998740856735,-0.3970863112728641,-0.22427429476832836,-0.5161701757174263,-0.46487273659141787,-0.22576294625710305,rock
0.0,0.0,0.0,0.03951882328831876,-0.2031995216405495,0.0015165479662281494,-0.005669964012157755,-0.4043407998968373,-0.024857657259904287,-0.09862915191814008,-0.5264831997187667,-0.04540809660480482,-0.18924902740833738,-0.5807795024946725,-0.07235072858384045,0.005329264321111923,-0.4520475451839823,-0.13310178844489115,-0.11095195912589338,-0.7055051172715769,-0.17719767553103405,-0.1914494069583066,-0.8758625192968017,-0.1933656335793045,-0.2570581633017644,-1.0,-0.20904744980106155,-0.10097671899133837,-0.381213631765893,-0.15668808595999287,-0.24555392242018342,-0.5901921528187601,-0.2081994788246013,-0.22465013188971286,-0.5084528102591018,-0.1985289833932051,-0.17224558303959484,-0.43062913220552534,-0.1900342838278272,-0.19750758627657045,-0.27861472885503796,-0.1716838210536627,-0.31894887410169,-0.4409999388087585,-0.21009899459243433,-0.2882151418343163,-0.3747746704399897,-0.18436056209848878,-0.2421078288238674,-0.3216798104632095,-0.16821414418859268,-0.2847267071843035,-0.17431035622748192,-0.18366519961430508,-0.40940620265635697,-0.33082457456686665,-0.22318817076530412,-0.46993998740856735,-0.3970863112728641,-0.22427429476832836,-0.5161701757174263,-0.46487273659141787,-0.22576294625710305,rock
0.0,0.0,0.0,0.03951882328831876,-0.2031995216405495,0.0015165479662281494,-0.005669964012157755,-0.4043407998968373,-0.024857657259904287,-0.09862915191814008,-0.5264831997187667,-0.04540809660480482,-0.18924902740833738,-0.5807795024946725,-0.07235072858384045,0.005329264321111923,-0.4520475451839823,-0.13310178844489115,-0.11095195912589338,-0.7055051172715769,-0.17719767553103405,-0.1914494069583066,-0.8758625192968017,-0.1933656335793045,-0.2570581633017644,-1.0,-0.20904744980106155,-0.10097671899133837,-0.381213631765893,-0.15668808595999287,-0.24555392242018342,-0.5901921528187601,-0.2081994788246013,-0.22465013188971286,-0.5084528102591018,-0.1985289833932051,-0.17224558303959484,-0.43062913220552534,-0.1900342838278272,-0.19750758627657045,-0.27861472885503796,-0.1716838210536627,-0.31894887410169,-0.4409999388087585,-0.21009899459243433,-0.2882151418343163,-0.3747746704399897,-0.18436056209848878,-0.2421078288238674,-0.3216798104632095,-0.16821414418859268,-0.2847267071843035,-0.17431035622748192,-0.18366519961430508,-0.40940620265635697,-0.33082457456686665,-0.22318817076530412,-0.46993998740856735,-0.3970863112728641,-0.22427429476832836,-0.5161701757174263,-0.46487273659141787,-0.22576294625710305,rock
0.0,0.0,0.0,0.05636768347558172,-0.21722385743955666,0.0019284397224891966,0.015913042848366542,-0.44101291221878164,-0.030936839051009555,-0.07695646002448399,-0.5771094849772528,-0.05654436999576811,-0.1734188370138084,-0.636894768849104,-0.09031402673867964,0.028227218210736874,-0.46338361669754474,-0.15557566577605653,-0.08530850071937682,-0.7131843694992509,-0.20569476567026276,-0.15899641846585608,-0.8779443397928347,-0.22708723582500726,-0.2167490877142996,-1.0,-0.24668865864230832,-0.0770824070199863,-0.38545636016373713,-0.18308585709131053,-0.24559043227113003,-0.6224162109693667,-0.23414958101066718,-0.23348386895372497,-0.5432225425201541,-0.22023517598582618,-0.1774005902649742,-0.4600485437060651,-0.2114928332699519,-0.18111518583584824,-0.27999073485436715,-0.20106135205739753,-0.3261950865063123,-0.48089693232614833,-0.23873174915822792,-0.3018629979541482,-0.42008958492078574,-0.20438571028393968,-0.2492786828867655,-0.3608125732786439,-0.1843860086588828,-0.2710979973694713,-0.17069961507907627,-0.21591652206730083,-0.40794481926239645,-0.35308276506991804,-0.2552722848602559,-0.46468861901383113,-0.4217193502532048,-0.2487634424412043,-0.5034448508246014,-0.47823311672117325,-0.2453710874971315,rock
0.0,0.0,0.0,0.04675269965541414,-0.22388446925795846,0.046184945417503835,0.012775049668253552,-0.4175599302209169,0.06007258054052632,-0.06679605530407988,-0.5487279291519435,0.0717149632498795,-0.1504118684621954,-0.6101839108773921,0.07861640246259274,-0.0002085926397398559,-0.5093698640756299,-0.03258205787892288,-0.09455723662182945,-0.7399547981279703,-0.047442555813524245,-0.15296684779545885,-0.8931999054448034,-0.052113379797801763,-0.20073486829975834,-1.0,-0.0622582050555654,-0.09673088412933865,-0.4620779855969077,-0.059787077158441865,-0.22118944215239045,-0.6229234130957927,-0.0686486178012387,-0.2209932936701314,-0.5193610945146511,-0.04184693393842941,-0.1828392008300865,-0.45324171577391315,-0.028237411709925612,-0.18796930475155163,-0.3764690162154002,-0.08053972428319123,-0.30029343221338467,-0.5256039815183862,-0.09085224603815403,-0.2913162986077589,-0.45091690235339926,-0.061246078122099055,-0.2564593974936753,-0.3984867088493005,-0.04856652078730098,-0.2781794503609443,-0.27598591260172395,-0.09576914176146942,-0.3874017185687485,-0.45659868025629863,-0.1366471216973055,-0.4577546608852335,-0.5437742364629624,-0.14977040377244016,-0.5083800435494511,-0.6336162084131175,-0.1592487334707025,rock
0.0,0.0,0.0,-0.06312511723879197,-0.20372218108580398,0.06312897477444994,-0.039426808439218475,-0.3840477050814995,0.08915021597537008,0.030130971773835263,-0.5105690055188619,0.11178885393210773,0.10250613590814403,-0.5629511595533572,0.13709007124099618,-0.027841246334745134,-0.5275294651936538,-0.00772701402986247,0.05453314772581425,-0.7735042107237706,-0.01860108352408198,0.0963799030496895,-0.9084692316046165,-0.011290255102436985,0.12269983907433187,-1.0,-0.0015345818247365435,0.07254856894628242,-0.47772468876185964,-0.023357141684395538,0.2024957497852679,-0.6705652933684803,-0.007551747589281559,0.2098125561512109,-0.5948624628538143,0.04044936247696453,0.18667503875050598,-0.5331542023319413,0.0767954736045302,0.15995118917157836,-0.39698028413746805,-0.03077063179684605,0.2882373801696137,-0.6012233115145771,-0.013216727868482657,0.2794603165200565,-0.5414068655036578,0.052749323479640044,0.24967050716267314,-0.4703699710728707,0.0989035356843217,0.23488062869610718,-0.3052742943458816,-0.032268087098013994,0.34655166898676065,-0.43382851049965937,-0.03408942998816002,0.409111117692938,-0.4851933773657554,-0.0118619571135142,0.4524980994974775,-0.5329710432524756,0.011710934562778389,rock
0.0,0.0,0.0,-0.055558508892883496,-0.22669194915819207,0.07157044524303237,-0.013090494546244155,-0.40877359367800337,0.11315393205370684,0.07334700314856543,-0.5233187434621337,0.15159181338414932,0.14601721104946813,-0.5594981117784884,0.19360081345358643,0.008306867294278746,-0.5504908994978538,0.024927522723057944,0.0895245913817307,-0.7842571641854882,0.028813578632735,0.1318372380589405,-0.9126942355607635,0.04179636234518161,0.16401821572287914,-1.0,0.05222532516447321,0.11176082608327499,-0.4895000199999619,0.010933029628153016,0.21989126947117504,-0.6730452980955361,0.0356411819697676,0.21487015349407992,-0.5976850087385115,0.08225320086895238,0.19144136695150885,-0.5321540513083005,0.11669988850296728,0.1964801452326238,-0.40035213785739976,0.004901007838497551,0.3063811480185925,-0.5829339112947144,0.028034851761045924,0.29180455240691316,-0.5383129140360079,0.08838494784744298,0.2629347372671671,-0.47428420482662287,0.12952306754106782,0.2661091035151275,-0.3021647924133824,0.005207914721445479,0.3793146887512422,-0.4136334112610348,0.0003049152545194094,0.4432454760692231,-0.47906809181835325,0.013214390271881659,0.48976227058268806,-0.5422340753982979,0.029887521392324548,rock
0.0,0.0,0.0,-0.06475534335334236,-0.2101440275107325,0.09428093705849191,-0.03634911966997483,-0.39277103139110947,0.13693368021000935,0.047022619611805025,-0.5222454053371431,0.16741404483638456,0.12171278734206552,-0.5744631551533242,0.19662191318713068,-0.025633432164178085,-0.5604318581794725,0.04949845049479158,0.06027187387028573,-0.7850829954743198,0.06765203219353029,0.11086396846664627,-0.912284699444831,0.08958056821798611,0.14274009615711536,-1.0,0.1053665232285573,0.07506763540785591,-0.5233575009789412,0.017861184732335788,0.2187809598087127,-0.6784133590251897,0.05683137305447577,0.23197576805536377,-0.5857171966826327,0.10256195226151148,0.20608143911402416,-0.5231605331638429,0.13323715682146905,0.16915732885182982,-0.44317286562497615,-0.0030881246486842953,0.3025451081969928,-0.6159923710821827,0.032791515983352025,0.30032780939917647,-0.5376256404171665,0.09217594183350429,0.2717686789255771,-0.46251456847141087,0.12770555535239814,0.25012104639036126,-0.34335940219481725,-0.01595711332557913,0.3779282251687213,-0.4733763859273944,-0.0026210785078865386,0.4484926619312051,-0.525911236347732,0.021562044835921987,0.4950805923559557,-0.583995694278011,0.04152349751056497,rock
0.0,0.0,0.0,-0.05181533411700017,-0.23105320045255529,0.13990579799211003,-0.025002711172557354,-0.3934248522833458,0.21185523332060474,0.04383597947403195,-0.5135360123632906,0.2696098399221624,0.11146130224392281,-0.562985049967211,0.3264638588767102,-0.0332955478278624,-0.5522504680030939,0.0788595300063517,0.03257852647069725,-0.7894279107953478,0.11574218255227306,0.071766699720152,-0.9115596320184065,0.14915423346078943,0.10125566388724455,-1.0,0.17134266731508227,0.06529150876795783,-0.5102915422816598,0.04337668678751702,0.19086838126585207,-0.6779827638744291,0.11724325983160439,0.20301168448058374,-0.5856070852434473,0.1885426868847927,0.181592017712192,-0.528016681459481,0.2298908611929367,0.1570547173342663,-0.4345085261435806,0.02271062358709139,0.2749623371871417,-0.6128237631281335,0.09371192191363481,0.2667993732880442,-0.5404911115074194,0.1792182154144916,0.23648671680125521,-0.46561462668571774,0.22445681492672687,0.2405866742531758,-0.34940090963634657,0.0131247837320012,0.35693971664136337,-0.4777075161265356,0.031776728046607895,0.4178379514546293,-0.5380951969021652,0.05837857988201586,0.4572089319229011,-0.6064473373421068,0.08110807741652452,rock
0.0,0.0,0.0,-0.03876431614494239,-0.23440618553861559,0.057540348941707675,-0.0037086967598763325,-0.4176923107189968,0.07800872130312522,0.08268369865344871,-0.5321629416573136,0.08655901520031359,0.16164831049078446,-0.580933250835877,0.09343347448703193,-0.002037065818608554,-0.5665343543213289,0.042207315669919546,0.06337922008426151,-0.7878777185059567,0.04669226567346077,0.1155154156465148,-0.9111186635412066,0.05454896183723068,0.157285409065736,-1.0,0.062204642689623516,0.1007884638652288,-0.5276702567487411,0.012278784616992474,0.22312098599543378,-0.7035582930108981,0.03543372523167312,0.29563238923585256,-0.746060570216123,0.05492929783812386,0.3417076776736504,-0.7635100241295223,0.06820530362630738,0.18831349836759306,-0.44786552586718237,-0.01288956849208123,0.3089551464346245,-0.6053982674550485,0.009776711908362603,0.37206324138277014,-0.6519189757593226,0.040201323958110435,0.4143772065036588,-0.6769665732832184,0.05986662643293576,0.2624557715594282,-0.3445937770817738,-0.03424367105343298,0.3701631521635417,-0.4703403856198671,-0.008345404966306022,0.42934946197952584,-0.5283521887237519,0.027439114904276914,0.46855120563999303,-0.5785943200698015,0.05636419380722469,rock
0.0,0.0,0.0,-0.06041765289913955,-0.23456546458142902,0.12675873120286846,-0.026847579259706364,-0.4119121080748319,0.2039749416264304,0.045853884248078555,-0.5206392722722729,0.2675282128691267,0.10952338347456071,-0.5547086438365951,0.33036191554582567,0.0055810130579961445,-0.5884190657293201,0.13122133159827395,0.07233763970560252,-0.7990028730662888,0.19037753613281785,0.10740387112798733,-0.9175227665298127,0.2295126483680207,0.13336369093204728,-1.0,0.252830439011426,0.11544732166524338,-0.5365908995308148,0.10712173541665451,0.21796424257679928,-0.6720867221338276,0.19958979316909273,0.2171778383297623,-0.5858400497294858,0.26519959698199824,0.19668472320613634,-0.5274898961943724,0.30367458167522515,0.20328189233779995,-0.45118932124726996,0.09465950158257659,0.3031119654564356,-0.5874263455438095,0.17534102689166658,0.2880351444845874,-0.531300798622958,0.2541721436083988,0.26144268923812,-0.4654840111824574,0.29700834010396565,0.2724069458363908,-0.3394640993574828,0.09176091287707222,0.38504529936843285,-0.43981443583941543,0.12838044792507575,0.4457473210643232,-0.4858736344922859,0.16510151345008303,0.48954572435255855,-0.5414743777638157,0.19493888774925983,rock
0.0,0.0,0.0,-0.06512967433674433,-0.2455624073914209,0.1596008673038783,-0.05128472276855939,-0.41708770657037714,0.24867579078950608,0.020176887081640987,-0.5309869918125263,0.31743490989507145,0.08185723072334662,-0.5850822383319038,0.38354465994741355,-0.01160498100731201,-0.6214758772237576,0.18115245091146698,0.03073389299994316,-0.834103119444637,0.2816407239525665,0.054504769045030044,-0.9342715637565903,0.3575894156989086,0.07369711521219546,-1.0,0.4051007973490959,0.10466029263070664,-0.5707755993749856,0.14512642900817807,0.1892641876733011,-0.7372697534373881,0.2658126925113293,0.1876365872442451,-0.6508062093764357,0.35034176003463374,0.16252218247013953,-0.5825051806938408,0.40235944874279783,0.20145006979176722,-0.48637681997608073,0.1254772416105853,0.2931442753953225,-0.6478225351357995,0.23040384260055533,0.2752477582929729,-0.5827397808253587,0.32928749681158515,0.2424804278992997,-0.5071218504577963,0.3849892580986511,0.2802095156364886,-0.3633679620137735,0.11741893972146596,0.3916012018897856,-0.49141739162359876,0.17799785878045152,0.44664533860878863,-0.5500254658088382,0.23879896578121712,0.47947574879613275,-0.6179153418138091,0.28525994483348077,rock
0.0,0.0,0.0,-0.06052777278618271,-0.23042360787135624,0.14016298739405347,-0.029939682845305415,-0.3993271344564444,0.22237911015930678,0.0412901506876108,-0.507072490628786,0.28942674109973343,0.10542094286721075,-0.5436673343853865,0.3569700297055794,-0.03032403934380381,-0.574977723213795,0.13825929713467341,0.026062482528497667,-0.7920224143732513,0.1965525218797368,0.05812271413821447,-0.9142819459178294,0.23486485321476946,0.08045551508869067,-1.0,0.258457654882976,0.07613721520375265,-0.5300720392002577,0.10995442880441736,0.1800706553844406,-0.6857358251905594,0.2051081452503599,0.19006405676796506,-0.6029990003420475,0.2752681037650183,0.1738264679074573,-0.5507813394886873,0.3162405561634095,0.1685722053243671,-0.45592665802653565,0.09396697789511795,0.27147129284018995,-0.613809581381811,0.17898971418762774,0.26224157239614526,-0.5593448420020014,0.2644037426105425,0.2366115819689726,-0.4896579962108607,0.31081709064631197,0.2483794457400521,-0.3599552570633204,0.08798754451009125,0.35276934650655367,-0.46295194001045875,0.12756976687326993,0.41265533332547627,-0.5101846857804516,0.1653594925506544,0.45403884192228305,-0.5647156364433789,0.19541199942239243,rock
0.0,0.0,0.0,-0.05566717255456571,-0.22709004721342857,0.1418561096050115,-0.03172169404839039,-0.3862507811871647,0.2209725569481259,0.033378297908691394,-0.4919806860059717,0.2836696490335447,0.09902181129515461,-0.5377644983591947,0.34515310659915815,-0.021188968113575995,-0.5719061866026963,0.13026110026073914,0.027942396719688314,-0.792328354883525,0.18134894553797254,0.0628909994749623,-0.9151532076007076,0.2182819104373786,0.08939141585833674,-1.0,0.2432976497039544,0.08663428101556579,-0.530846714467911,0.09954495832371468,0.19340033600414835,-0.6857606877144674,0.1849365054414775,0.2010502877216611,-0.5977511176409172,0.2523930942899964,0.17917935757565465,-0.5324157079691332,0.2947043704613275,0.17776728840256154,-0.458396132205593,0.08253748808875656,0.28373529607180875,-0.6209341424875398,0.1575057675811635,0.2725247919207138,-0.5583030391740073,0.24185699632425522,0.2447097205910196,-0.4853437798018844,0.2914342810250761,0.25576785890023834,-0.3591567624706446,0.07691568808366106,0.3605635238172789,-0.4723873129709291,0.11117253274443724,0.41377891766299774,-0.5200717018665065,0.15404682880175877,0.447190998325974,-0.5768207343434106,0.1903103050609126,rock
0.0,0.0,0.0,-0.05410900883170848,-0.24939787473225,0.10858221322658287,-0.025357065698822488,-0.4151778701656123,0.16014227112196616,0.046270255455527695,-0.5326563935317096,0.1970100659678471,0.11619945519354494,-0.5776046948858561,0.23310897072577091,-0.036049191836083155,-0.5641047506499762,0.07400428493222826,0.02588050987211118,-0.7994649623513058,0.1082838891478592,0.06332594590625881,-0.9177535394700429,0.14069634180654164,0.08886845756071167,-1.0,0.16240219199959968,0.0631013998997425,-0.5291949839475673,0.039870060756989525,0.18301840104251907,-0.684314009157232,0.09218977290489745,0.1946020083399788,-0.6033760349333509,0.13508498799582896,0.17479547415049088,-0.5453516214822134,0.1581540955979898,0.15385944499898246,-0.45547798229586933,0.018029796381064507,0.2679944795693235,-0.6198477692272794,0.06741006910826389,0.25876773645026524,-0.5552217155972772,0.1211155483473471,0.229828795772428,-0.49271649837818576,0.14700181461583872,0.22923248896463128,-0.3672261883948442,0.005507447967307023,0.34057342148594966,-0.48453490582566555,0.03297018571578707,0.4036089719349144,-0.5345004264077772,0.05894818194492851,0.44130750321908235,-0.5936291370103641,0.07634048194087577,rock
0.0,0.0,0.0,-0.07722528039336107,-0.22629202654148417,0.17899851282959794,-0.06058569401114119,-0.39015075185963044,0.2811257018359563,-0.00395864303127334,-0.5090501132346243,0.35683891284671904,0.06165924674086753,-0.5532942162091192,0.42876484167602835,-0.048754010342849145,-0.5858177300076804,0.19619459364675326,0.015017354306306272,-0.805190998364362,0.2830959458254317,0.0517220608172611,-0.9182562156406617,0.34727453671443287,0.07263169145933436,-1.0,0.38730669760811354,0.05559984773802476,-0.5564890244893621,0.1431118507333555,0.17737997105772058,-0.720525092206024,0.24930542579259388,0.20533694815253706,-0.636528879037335,0.3213001875189542,0.18948566376073614,-0.5722476099053966,0.36334572568039325,0.1513520584462834,-0.4937032026474154,0.10417961849392618,0.2664521444843989,-0.6700605994004745,0.19626009010206946,0.2701690608090853,-0.6051882089788396,0.277138383440584,0.24929351597716742,-0.5356380070129,0.31777134431079535,0.23782463277499133,-0.40992929869557754,0.0779970197268346,0.3460248971895017,-0.53628990564663,0.11728028471220714,0.41046192705179746,-0.5906296604981169,0.1494612797028555,0.4513166861522879,-0.6549489229845848,0.17321633907107892,rock
0.0,0.0,0.0,-0.06879041665916714,-0.23084570402475213,0.055414206580372515,-0.05467956681054391,-0.41996392772378033,0.07412790587288826,0.017472498659410484,-0.5401660941899464,0.08208432694398807,0.08983541544275885,-0.584081866305998,0.0894602650526145,-0.03864757016427431,-0.5663928410222716,0.021731471041051234,0.0027471747896851387,-0.7902635879239978,0.021166029341601538,0.03132285173671811,-0.9118779338992753,0.02920552615448205,0.049814582187123216,-1.0,0.03584197124998375,0.06726005555642937,-0.5381604393101438,-0.0021110992087581167,0.17323340678266677,-0.7075020421660467,0.007909283383274212,0.17787727048245386,-0.6389286656117075,0.03043836583846128,0.15643275683524988,-0.5697006824804611,0.04658088240861253,0.1586802880614862,-0.47005065458225415,-0.01854814794722028,0.25611564748622373,-0.6389133692975084,-0.007234559196248651,0.23796638151202065,-0.5812114021428568,0.03216880867648645,0.20464717159529586,-0.5179987080830318,0.0579818895276685,0.22967983300965145,-0.3850661706120617,-0.030277049532950795,0.33140880837442394,-0.49328353977682193,-0.022742714509942273,0.38302754487833185,-0.5543171846955349,-0.0019533477343123395,0.4098245253318584,-0.6200308531521947,0.01546142300521959,rock
0.0,0.0,0.0,-0.061514376549204636,-0.2505256619617158,0.08608742006989575,-0.03276895798264961,-0.41986747384140843,0.1267675614860541,0.035065289135605776,-0.5298959986390388,0.15533480188351623,0.10399949918116586,-0.5686537794251428,0.18348308358852508,-0.04181168187857331,-0.5570326065176731,0.06832122392159287,0.006807656942822175,-0.7857342499807423,0.09293779613783025,0.04039678721925229,-0.9111811062836705,0.11627208188802172,0.06453942005085918,-1.0,0.13329062789365406,0.06374205456272256,-0.5248242188727248,0.04356294188029999,0.16523181605240725,-0.684378711196722,0.08931841571728671,0.18681741034307253,-0.6320923638392977,0.12714502284655452,0.17758687938434659,-0.5804832389759931,0.15109323056907856,0.1545895903688256,-0.4538602031248582,0.027927260280877327,0.2474771134868976,-0.6157000886440027,0.0704249335648921,0.24859697418851406,-0.5845628645161711,0.12163277937366448,0.2281508474706438,-0.5405452059978175,0.15205270182819808,0.22662901681955372,-0.36697232440679617,0.019273222970106908,0.32247368664798837,-0.4770611243336282,0.0476385929564205,0.3756236672272952,-0.5280333458770764,0.07874605769372449,0.40223443860233377,-0.581194438956072,0.10401109662936346,rock
0.0,0.0,0.0,-0.06758822714095117,-0.28866349378220835,0.12394960365345181,-0.04645259380737728,-0.4802215756688751,0.20196590905862175,0.03670568678197841,-0.6040383933353505,0.2642359860986927,0.10845411197686633,-0.651895773788431,0.32786673165710206,-0.011552699921517348,-0.6810033965006216,0.16795267421559784,0.041416580246967774,-0.8887786473025039,0.27165326256393346,0.059152811429526275,-0.9588358528156776,0.3524816707990097,0.07124415425512642,-1.0,0.401057960973382,0.11492608502508,-0.613540679108177,0.1432052132956657,0.19404424624105,-0.7929046742672354,0.24707529932303815,0.181003805690673,-0.7217621479412495,0.3151912142344221,0.1501384513138609,-0.6546792333147363,0.3563812519892722,0.21507713567261583,-0.5197466563034946,0.13128002023049967,0.30277132518132516,-0.6896361162150337,0.2190901779196978,0.27187747629729425,-0.6402706100287124,0.2964860024104961,0.22924671757040505,-0.5673147765892997,0.3386524606258308,0.29328749015990924,-0.39031716469683814,0.12834539287950752,0.39334055838967197,-0.5051936261284067,0.18197634266095167,0.4439491839522804,-0.5670926979886524,0.22678261609498693,0.4752138334211108,-0.6377700868234331,0.25930349762129856,rock
0.0,0.0,0.0,-0.08431587844432473,-0.36369004395930443,0.23454713988916412,-0.06135641392018614,-0.5965767570057702,0.3917923242761934,0.025926034371022776,-0.7524585587906897,0.5180030839601236,0.08796038196965793,-0.8324857698343914,0.64957545869953,0.0695732121524443,-0.8389393158589242,0.38493927464824684,0.1668538645928494,-1.0,0.5603779892875541,0.15254971773910192,-0.9132374700366197,0.6800355771476027,0.11183621840668993,-0.8242344209942767,0.7637649248633586,0.20639576647693111,-0.7335672819407681,0.3489256583903314,0.29996369258157457,-0.92641433010861,0.5443516800732778,0.2590231742834165,-0.8308898050330671,0.6619110505104504,0.21408337432557994,-0.7570010853185293,0.7400666726946735,0.31532309698375144,-0.610159440319193,0.32651480676664807,0.41605100216282903,-0.8162315632490845,0.49720635084697723,0.37029506609511764,-0.7628940135703857,0.6182962761239678,0.31896320848266224,-0.674872338431988,0.6904615646703436,0.38919893342078343,-0.43978375613907694,0.3196953073405395,0.5127444894708486,-0.5986209037033566,0.4431382119730538,0.561341578630937,-0.6754969821898449,0.534202292614563,0.6003470676879592,-0.7498452054687561,0.6018843469898021,rock
0.0,0.0,0.0,-0.07895219999347865,-0.2872227843689024,0.20008031165538706,-0.06931914549915623,-0.4743567219261785,0.3396433468818427,0.0008539278086477505,-0.5821775000920636,0.44907657734716744,0.05176458345839181,-0.6292410861617201,0.5594500424457686,0.0511421548107134,-0.7491228475697553,0.35054011082415215,0.0990162516102331,-0.9612599249552493,0.509798701802839,0.11300920696947823,-0.9992561089983126,0.6199442272378206,0.1181512304742894,-1.0,0.6927225449947643,0.1852174338731084,-0.659525641168742,0.31234734145523524,0.26985120685856256,-0.8681171076385846,0.4730696548718772,0.24774769509363279,-0.8020284037341852,0.572885431109042,0.21238738475468164,-0.7350485950488183,0.6436234098295759,0.2942997682108059,-0.544657234027986,0.2840622352095126,0.3871701301747731,-0.7339878648385909,0.4137281759437939,0.3542875815465462,-0.714321861703245,0.514808101073063,0.3121336409324969,-0.6573328150236452,0.5822150054959889,0.3705169559073198,-0.38054032466658716,0.26841760716336294,0.48655358128938353,-0.5152285403837279,0.3564761659044294,0.5386793878121581,-0.5829024071078855,0.4270564281312808,0.5700658928876058,-0.6590181711021372,0.4853697836026369,rock
0.0,0.0,0.0,-0.07734189248492641,-0.3627279411014661,0.14042662355538835,-0.04119005785061329,-0.6221036441071248,0.22819501884498858,0.06685895728061864,-0.7773145702094185,0.2904643740338024,0.16290547556608717,-0.8114633562876278,0.3569569594526575,0.02922167271774817,-0.8286373423663197,0.2638853444890007,0.1452594097050346,-1.0,0.40581842345059627,0.17272482278636098,-0.9485085339060007,0.508760799992794,0.15661707452465987,-0.8971237903092681,0.573377981569003,0.1812991473278299,-0.7372710388376659,0.2282581693874361,0.29197443530033607,-0.9215885791791537,0.3655152975563292,0.2933470204296255,-0.8489211978848983,0.4241781480253872,0.25895418753084176,-0.7823658458174707,0.4565619820130037,0.3021727406172772,-0.6164357252517604,0.20295790405095807,0.41468753835511124,-0.8131682838287557,0.31637614118176594,0.4119421487286038,-0.781511627103478,0.3795298370432693,0.37687991459567804,-0.717996275790676,0.4104925781683833,0.3986824542839979,-0.4251600535828102,0.1869645150325385,0.5487496411963317,-0.559706740178322,0.28160829880902977,0.618942771623837,-0.6298602746947138,0.34558599545236046,0.6554673123688523,-0.7122865673449121,0.3869643258277001,rock
0.0,0.0,0.0,-0.059778514271757635,-0.2253189957817537,0.093623175418042,-0.03540387600342116,-0.39214079128477747,0.15079547440833532,0.03153706022499813,-0.49643349814541143,0.2001457282535004,0.09374890197820877,-0.5389168785828868,0.25215082008831013,-0.024498283861435353,-0.5534951133622318,0.08207897539073324,0.017316165022008726,-0.7755180581974265,0.1016926467683224,0.045798810575141985,-0.908420804965851,0.11050108479852994,0.07070024514994443,-1.0,0.11703102237656691,0.08383088612272645,-0.5052937913964143,0.06954107557022267,0.17227643418563016,-0.6631786028823148,0.1260584134971232,0.16914888689420887,-0.5838007371844297,0.17474675677388773,0.15033658478037118,-0.5251720125594949,0.20595090791099194,0.17133041196792764,-0.435453601101653,0.06584088906615822,0.2637928533482572,-0.5985821675479116,0.11751585161507716,0.2424775857416426,-0.549424466616357,0.1892621044896307,0.21231288993871156,-0.48197992557246927,0.23498652756316915,0.243058453168215,-0.3426144409538603,0.06918514177945147,0.34299046079967693,-0.43727155984252913,0.09393456883843175,0.39266015360645795,-0.48965827878091034,0.12950593982597816,0.42585422997864286,-0.5481232015872384,0.1618271742537656,rock
0.0,0.0,0.0,-0.05528119866717785,-0.2291408034960087,0.041925046430852396,-0.02503573621591968,-0.39471795974727497,0.05584886111994888,0.05546709556359737,-0.4921680802186876,0.06319054563134613,0.13098861365924513,-0.5267127356829155,0.07095613210737808,-0.023744120589857958,-0.5361580684676598,0.005269105109625425,0.00925438637504169,-0.764617561708481,-0.010674899645332917,0.040250543134376274,-0.9021047119439691,-0.01998371050053968,0.06491872465502785,-1.0,-0.02547204051428558,0.0802616395956649,-0.5048171733323359,-0.011318490503843684,0.17980425343569506,-0.6684202192486199,-0.009586205489988692,0.18306792218762372,-0.5857430421135642,0.007183621642105951,0.16290552734685482,-0.5139370930388407,0.019866678187303772,0.16780536308182392,-0.4362729604797661,-0.022156929845786127,0.2644677594810846,-0.599063782833525,-0.018579318514927678,0.2507191816048101,-0.5343206690293402,0.018528099360349343,0.22175891379358711,-0.4650332426291133,0.04493886168100591,0.23837542819560942,-0.3504272449294471,-0.02909579488975118,0.3426851566128364,-0.44945430969724737,-0.027036308428369047,0.39747175233695836,-0.478103128516347,-0.005748348926556519,0.42914254900677323,-0.509154892261465,0.013584760276181438,rock
0.0,0.0,0.0,-0.0617577003977543,-0.22452076548372926,0.07404267430933599,-0.040058491208900454,-0.3878926790461811,0.10519229578789831,0.029502325847305028,-0.506730773782567,0.12875238613440906,0.10024782414960583,-0.5517164950962572,0.15298966261534255,-0.05070150487291199,-0.52938501084481,0.007506002973991455,0.007963279251096952,-0.7778587930355794,0.0075951376065211745,0.047784834210778344,-0.9096422007736115,0.022902245262335585,0.0740570222527078,-1.0,0.0349001527553595,0.05039374264960515,-0.49894950575365454,-0.015216912656888331,0.16939667315773266,-0.6798652619292607,0.0049169356322061805,0.18680687498687565,-0.5993817080603114,0.04966675765311823,0.1674716268234654,-0.5410090886657443,0.07979806609592635,0.14276798831049767,-0.42650224197284387,-0.028664452064229688,0.2547855478112953,-0.609216504503306,-0.008518861559194976,0.2531228671034046,-0.5400743314653159,0.05047013479578602,0.2246391122270636,-0.46984458220140235,0.08755020261878736,0.21934051611075459,-0.3386376141393649,-0.035570587650998305,0.3283148649700073,-0.4491703165004613,-0.038394932680671776,0.3925770252192662,-0.49550361273158483,-0.022775372079067335,0.4303088801448516,-0.5466924027338462,-0.0070209763206692385,rock
0.0,0.0,0.0,-0.07575028944787911,-0.22498408975211848,0.13338131835816425,-0.05861224195590181,-0.389923279418191,0.2099941699941642,-0.0027658453004326326,-0.5133088360065653,0.26987678405014365,0.06423919882629073,-0.5546673714528556,0.3293473234368295,-0.050782988423586514,-0.5547635987944552,0.11754554605415912,0.009853031056143128,-0.7826673053791504,0.15881913924736615,0.043881830181567535,-0.9089483318641945,0.19198307862173825,0.06513900255735272,-1.0,0.21357100995914513,0.05212506551057705,-0.5243400212937532,0.08291473288206565,0.16821788705300764,-0.7096753828896134,0.15273050737851643,0.18624525658371913,-0.6296034226179303,0.21470590093002315,0.16842776116758243,-0.5744654562164094,0.2530442073107909,0.14644053441614122,-0.4578880140797059,0.059360170267469065,0.2594259096021612,-0.6570555454609617,0.12153810225059625,0.25477948651720994,-0.5925826259192128,0.19866164356092791,0.2292186934525463,-0.5184011965347345,0.24267886477118797,0.22983341917909428,-0.374277987094604,0.045410881085386455,0.3345303285815327,-0.49349909824409127,0.06300361703233527,0.3982042968931844,-0.5428609614024444,0.08637523056723345,0.44276338255323816,-0.5969588676168266,0.10780189701365443,rock
0.0,0.0,0.0,-0.06569166237540965,-0.20932708229569333,0.03693847925857223,-0.039744791079097015,-0.3895836163260649,0.04965662668390755,0.03790027962879539,-0.5093844610705606,0.060223162783803415,0.11073100763830958,-0.5581183036245325,0.07312158777096801,-0.04540971080125379,-0.5168262553813386,-0.024394132555213565,0.004336638176813091,-0.7685737243071379,-0.037156887309427504,0.03466261254796807,-0.9055363738711948,-0.033471359449000926,0.05622577614194122,-1.0,-0.02976641540929471,0.05810702228716452,-0.482431529828649,-0.03609214714216185,0.16721177781853727,-0.6744348779044648,-0.03351446707628498,0.17963506280584,-0.5964508042877268,-0.0006907593849774173,0.16070799729145577,-0.5289320257214492,0.024765732373155058,0.14843431153528258,-0.4132458761084042,-0.04113074799028307,0.2519771375128514,-0.6031602581763476,-0.03255593072364624,0.24918228210966636,-0.5400071781026428,0.019839484435964224,0.2218778643021393,-0.4717431661572158,0.05589560595566525,0.22133277873153256,-0.33034743705154446,-0.04324048598442036,0.32394557227973314,-0.4437520449022809,-0.049411821999181774,0.3812265243939095,-0.49357534232207784,-0.033659068367985316,0.4125829120738705,-0.5449913292306102,-0.016831866479883394,rock
0.0,0.0,0.0,-0.06984979759780759,-0.20917783682258553,0.014743046224524594,-0.03616711052823225,-0.4003593377830098,0.01571190759050481,0.04793599427591085,-0.517866660455022,0.01598762989746568,0.12259549469706475,-0.5619719451948351,0.018422434822889685,-0.025068249346843367,-0.5152249827659824,-0.0377683531139792,0.04002805788168707,-0.7634329415968424,-0.061140378474190495,0.0803218833237778,-0.9041124090860246,-0.0665982440754429,0.10693182185266843,-1.0,-0.06938516107724904,0.08105027190961706,-0.4711767455362411,-0.04731886114666857,0.19392400067419785,-0.6739139272617877,-0.06709314660792604,0.192250460544373,-0.6097349949775777,-0.05294276005390989,0.16803260586037908,-0.5366067235632807,-0.03812235093360403,0.17276113245021033,-0.39566834476297924,-0.052538252333707264,0.27921037983401287,-0.5989349519941687,-0.0608852413964514,0.2673559687715425,-0.5491129617612474,-0.028679342626774566,0.23911121034115773,-0.4830176638517222,-0.005277676555451554,0.24189915468159864,-0.31082981932244874,-0.05648807271975366,0.34779076045693386,-0.4246092761976296,-0.0645661627620844,0.40737051193108237,-0.47809883239393197,-0.055995862144120986,0.4459760299371972,-0.5246388767354057,-0.04787574461218614,rock
0.0,0.0,0.0,-0.046811851478544005,-0.23661165524031474,0.030151598557692807,-0.010689177772419062,-0.4316388252976276,0.04171014107569476,0.06904656309675779,-0.5498980625991761,0.049068532644918846,0.13853127754556227,-0.6018581683741352,0.05651931891074817,0.020852371565258848,-0.5519701995409866,-0.018150989541732956,0.07544904611502028,-0.7987821955603329,-0.029617522805269143,0.10502055249758074,-0.9225421739948452,-0.021908923928399358,0.13089446425590273,-1.0,-0.013140077614539124,0.12440438951144486,-0.5012299217769268,-0.031178015419595497,0.21523508236537167,-0.7071666461499028,-0.03155658885969309,0.2034632939837059,-0.6613743854908015,-0.0022962278211602007,0.17835742386855266,-0.5934941703080912,0.022250898932029393,0.20568194711878388,-0.4152708321238079,-0.039186530438709816,0.3041713752840528,-0.617419045707897,-0.043036669812178435,0.2842961477226272,-0.5983195204521622,-0.004129576394012499,0.253543164822045,-0.5536417657393491,0.027486970799643507,0.26870588042573046,-0.31906823217203634,-0.04360034280595812,0.3815100514878428,-0.44651824092879994,-0.05073341333199269,0.42431985723223153,-0.5098170908417261,-0.03105864880702724,0.44053733525058675,-0.5607687836192873,-0.009614700344977514,rock
0.0,0.0,0.0,-0.04418728331902033,-0.254004234632275,0.1038929627109321,-0.010457205888176502,-0.43148457079949976,0.16474218164296453,0.06196376141552843,-0.539220205689541,0.2112212018035976,0.12415502579856158,-0.5905049682936574,0.25775541905883326,0.017322318093982995,-0.5894023481711125,0.13198456969133432,0.07803441665738343,-0.8054171824431577,0.18768865542363083,0.11182698735050721,-0.9235428773304316,0.2290277633740797,0.14297564893463527,-1.0,0.25563469275600603,0.12760706478399458,-0.5220230327324586,0.10708091875776059,0.2053225648947853,-0.705750686038027,0.1752945813710184,0.21034476031269683,-0.6842461306122928,0.23207890966811032,0.19451852668803316,-0.6396552317566861,0.2732257265907147,0.2079650464927137,-0.43672142158531024,0.08966076989373424,0.29524011238424536,-0.6003491903553757,0.1512711297962384,0.2904300345367798,-0.6169753588855347,0.22733563405151672,0.2744985880593775,-0.5963956191482951,0.278766082090669,0.26820749391496973,-0.31969765950043777,0.07868478930069434,0.3625495855221616,-0.42275391311184246,0.12776090810324095,0.398600478723767,-0.47705273315762964,0.18284779356435266,0.4125234700002469,-0.5254238928025896,0.22821921053140026,rock
0.0,0.0,0.0,-0.04406294517513879,-0.2284372890876115,0.024736886741509118,-0.007272379492789543,-0.42714815343146234,0.03479770992124481,0.0712940611345029,-0.5585863134861613,0.04234512040577036,0.13529235024042355,-0.6233659132875586,0.04915334644046608,0.005751774694971455,-0.5255289715881009,-0.0180907989926384,0.04970940847339727,-0.7705434261508667,-0.03458240879857347,0.08324665724037446,-0.9090769021966626,-0.02997723948902261,0.1129202238503727,-1.0,-0.020887289486969017,0.10766783480893,-0.47931764692862977,-0.03199188508333315,0.20789306444153266,-0.6995449656946213,-0.033953548833355475,0.25551945757388006,-0.7624476743838192,-0.009673252952191716,0.27587348290970576,-0.786388405255709,0.014431458330383683,0.18866930345530697,-0.4007120687895303,-0.04299130283412014,0.29267274251795367,-0.60373543707806,-0.05072989106669395,0.3379653703198115,-0.6775464450925677,-0.024945226691326164,0.3648341269026173,-0.720571841334008,0.0012200841649123977,0.25438689895634653,-0.3100878556165906,-0.050578002657007154,0.35494574213786995,-0.44122245253373327,-0.05848006872625545,0.4097314208495782,-0.5131905785842324,-0.03926415492361117,0.4450584685185727,-0.5739510708225666,-0.015073490832912546,rock
0.0,0.0,0.0,-0.07228362143823629,-0.20772421843032562,0.033759485503496785,-0.044629521467092634,-0.39367877507922383,0.04528434149960399,0.03335132363128094,-0.5170601425219512,0.0601633910491466,0.10419150356533798,-0.5648475460641184,0.07753826666781716,-0.03669750240084529,-0.4876950982050089,-0.0633573311394337,0.02286839213977009,-0.7520786410905592,-0.09761564943934598,0.053058503957789244,-0.8967108138616834,-0.1078618365457423,0.07524908626781425,-1.0,-0.11232564193786206,0.06940768494416841,-0.43633105638899133,-0.07050595125638827,0.1785347761810342,-0.6505423539992008,-0.08308242441684631,0.17213364586810914,-0.5787005055749599,-0.04906650585425099,0.1485839892952247,-0.512569657602606,-0.022306773560206643,0.15797201962730822,-0.36529184135479054,-0.07033468305109675,0.2598055690953347,-0.5780691039711998,-0.07113791475346744,0.24060529978611012,-0.5275576416180313,-0.01610033277895517,0.2105358077339246,-0.46016940126271166,0.021595295062534145,0.22523551966578753,-0.29636742628677626,-0.06662367423324246,0.32739500888061984,-0.4167258076727407,-0.0906650707037949,0.3880412785978206,-0.4803397897927958,-0.08652079531247055,0.43366543448317657,-0.5389398521504677,-0.07677498461216542,rock
0.0,0.0,0.0,-0.07159439954393315,-0.20340296290793158,0.033243801766480334,-0.053183910718910814,-0.3856675464713083,0.04605223853240871,0.015368467170667343,-0.5185890321758823,0.061082488919687275,0.08138676344348107,-0.5837491924098998,0.0792372108432418,-0.04925472727497856,-0.4942168152768145,-0.0544368824720239,0.012575337618882606,-0.7540781497879699,-0.0863040136100691,0.04590826387083172,-0.8976018157186674,-0.09429899128589561,0.06897629378520724,-1.0,-0.0965004746904597,0.0538609803503512,-0.44982001066213995,-0.061958426618219035,0.16996076074690614,-0.6602745984438975,-0.07132765380134985,0.17591063681606722,-0.5985360844571748,-0.03666086814818693,0.1546972442456078,-0.5393289806156326,-0.008518185153019492,0.14460709607307246,-0.3795635307321851,-0.06315348080838405,0.2524245088775121,-0.5896882553797925,-0.0625602444995063,0.24292004904652212,-0.5407852294590549,-0.010269835677213103,0.21444186513156277,-0.4787350013832286,0.02696133278565777,0.21611501202501449,-0.3089460204996008,-0.061152670504407904,0.3220102374183441,-0.4196089745840434,-0.08464200844929486,0.38172403037030667,-0.4805614398604254,-0.08208694199919549,0.42183231741085386,-0.538710047294376,-0.07214779027708008,rock
0.0,0.0,0.0,-0.043672440341770626,-0.22968903942141994,0.019510435643874523,-0.004841652079740105,-0.412030815574587,0.021825496116958183,0.08270408930549858,-0.5125398048408178,0.020334765315803763,0.15078883752501562,-0.55251042837739,0.018401097359913823,0.01536795257662899,-0.5336271791991919,-0.026672477889342544,0.05117364557627737,-0.7727078857883368,-0.04815156224947819,0.07726088613686712,-0.9072605145023911,-0.054485507764302304,0.09490461951963924,-1.0,-0.057064401475483084,0.11555517105941274,-0.49140837797203896,-0.038679745288221296,0.215063840288842,-0.6862947156998601,-0.0490431891607069,0.21207665830403177,-0.633637531539137,-0.03433626442006254,0.18578968178669109,-0.5680792416557164,-0.021161027013351347,0.19667435414216147,-0.4136631016782085,-0.04606322428930344,0.29770658413038303,-0.5958050481458791,-0.05248803689390765,0.2808900537913957,-0.5656483866400733,-0.0252509057217936,0.248403295671405,-0.5267471143613949,-0.005173047434993858,0.25725569450165153,-0.32597695463214726,-0.051184229037086186,0.3488291475403398,-0.42740636017960487,-0.056291197905223946,0.3937090015821881,-0.4586138146516869,-0.041903173505194534,0.41862744468586366,-0.491502387903818,-0.02824912426639145,rock
0.0,0.0,0.0,-0.05461643242533558,-0.24963435610725918,0.039005244088653704,-0.013107449483897993,-0.4324440915541829,0.062944286401555,0.07649327871696603,-0.5214171782880793,0.08061495799062401,0.14535668400552676,-0.5452962741248774,0.09826969432454921,0.0354007371099538,-0.5789747825869496,0.041597748305818236,0.07415273774765707,-0.8001744892121864,0.05264768771033155,0.10003354584898937,-0.9191677405766838,0.06352636280755004,0.1241829426879818,-1.0,0.07122315209663593,0.1374915793471669,-0.527899127221802,0.028770270875512326,0.21059613142314113,-0.7106594328504711,0.046619270791110425,0.2041040230010816,-0.6729348104708376,0.06685636711751759,0.18541994245040608,-0.6136200054392338,0.08330968290098607,0.21599169891652964,-0.44748550709913787,0.020032845318186242,0.2904520542485417,-0.6158033185577902,0.03265074666877299,0.27590913744381024,-0.6071113878486267,0.06082935445449688,0.2530391523235531,-0.5762243941818955,0.08129590624405167,0.27611672314300184,-0.35539003838723593,0.014756720499200971,0.36197436370343045,-0.4695878647256313,0.02578781997514721,0.4011977059875335,-0.5252054951890915,0.04762273395554096,0.4212443302240089,-0.5752633456601792,0.06672267582177645,rock
0.0,0.0,0.0,-0.04553828824317508,-0.24452414663078412,0.11283263150093538,-0.01490822521871252,-0.40799541203606254,0.190409080792649,0.053123114319212426,-0.4930927332810906,0.25685132401881483,0.11000783345726342,-0.5219323761557573,0.32261289507656976,0.04938153976428169,-0.5900080086605546,0.1363931679045128,0.09620255232808017,-0.7988323192786664,0.1945456747904697,0.12082255189204053,-0.9181126884930267,0.22992826242791878,0.1452095704502523,-1.0,0.2527350063569402,0.14942429232019505,-0.522698644482649,0.11999295870390883,0.21977943775787426,-0.6801300224963979,0.2113243058749884,0.20631742712195178,-0.6232806885174371,0.272125679823135,0.1825049375584821,-0.5659426554706514,0.3089693570980821,0.223133301209449,-0.4384354090182351,0.11339991367415307,0.29580231123654005,-0.5785414453966393,0.19137287114458765,0.2719590134538903,-0.549939409682039,0.26230775000061646,0.24098789458451056,-0.5035005962079413,0.30385125556157383,0.2788867287591724,-0.3309587217600962,0.11511662294491219,0.37000956678870034,-0.43964844573764594,0.15965622782113476,0.41030140232025264,-0.48680884085650195,0.20632658277955768,0.4312783545733694,-0.5383316994970239,0.2446029652823987,rock
0.0,0.0,0.0,-0.056307857954635485,-0.22433233054069826,0.038408625596245916,-0.02585127606958688,-0.40058466371774926,0.05526330838866842,0.053111474657330036,-0.5114512684482722,0.06911639068068941,0.12255351178810334,-0.554122659811631,0.08515222869819879,-0.017453102424346056,-0.5317093841034733,-0.008988027243097257,0.0371666926381113,-0.7662826619269347,-0.023980405411909184,0.07003526510655891,-0.9038574059785909,-0.02548270483256289,0.09289031460184609,-1.0,-0.02463979738458444,0.08608061154051755,-0.4854153407539405,-0.020094444716993037,0.18819446678939186,-0.6625365426974924,-0.020724787414174387,0.1855401300620136,-0.590749784751324,0.005748099102407466,0.16512200568118465,-0.5243567595763909,0.02727996890838182,0.17355046044309197,-0.4071450214684854,-0.025658407002080955,0.2778397441649066,-0.5938351534892936,-0.023275991239238382,0.26448902827167536,-0.5454550668571088,0.01998644389817227,0.23563593601556304,-0.4843147218040274,0.05140442237797078,0.24016867408273734,-0.31800898206939887,-0.027516843705166293,0.34081095455120325,-0.4260496732798746,-0.03546240153825931,0.39692891150613413,-0.48020533610629945,-0.023009936329706986,0.43409856906899125,-0.5340483694906716,-0.008387701371134761,rock
0.0,0.0,0.0,0.05394295428264255,-0.30304262687444056,0.03143140347386592,0.032569862433174473,-0.5898867645580471,0.03311481452074748,0.00857967203799115,-0.8249851164409001,0.03257962716849201,0.024281902133902068,-1.0,0.03432638363614337,-0.14631733493696533,-0.6433038431185586,-0.05367312606420498,-0.3872070015633004,-0.7637358245010171,-0.05495146050816184,-0.35922849890051284,-0.6618728664139621,-0.0296486820381255,-0.28179353960230646,-0.5962715555772262,-0.009413584258108414,-0.2383478737729717,-0.49070633849999007,-0.07956567308812523,-0.45781418455854067,-0.5571373964697222,-0.07986346466291715,-0.4062764375050038,-0.4732138675643153,-0.06142262583214787,-0.32030400384293795,-0.4330929691210543,-0.05991805451777761,-0.3292287818235776,-0.31484990931412826,-0.09722475260094375,-0.5032403118414138,-0.3709653515559866,-0.09927789367902509,-0.45502528549646076,-0.3090251855704421,-0.07445626312718667,-0.37749124292918074,-0.2738785561773843,-0.06889422140987979,-0.39786170359414624,-0.13832674483770752,-0.10846387134977369,-0.5752058265296356,-0.23946596164646777,-0.10761675755631113,-0.6512283375741695,-0.2675922464633112,-0.09001891282810087,-0.7067920196432882,-0.31172679985721413,-0.08254434881555353,hang_lose
0.0,0.0,0.0,0.017477268134432962,-0.30261572323775376,-0.005810880001528288,-0.03760382869344335,-0.5962815771190317,-0.03757805640739573,-0.09870836079681157,-0.8184754445853942,-0.06271932449254843,-0.10888198340606857,-1.0,-0.0936488252530134,-0.12501552716930178,-0.6643888102471364,-0.17640065351178572,-0.4159837652642466,-0.7903884474630863,-0.21294498651811902,-0.535391031387399,-0.7335522198215373,-0.20920376852658984,-0.5917969538459864,-0.6860096870398478,-0.2083603374746076,-0.20966071318464052,-0.5125559703244321,-0.20142227193652668,-0.47728763123485746,-0.6125755209518554,-0.2437281640793813,-0.48569416180228436,-0.5045751996732671,-0.2277444795534248,-0.4444944290878888,-0.4124180035382509,-0.22821071327546416,-0.2940038781890055,-0.3454795020134036,-0.21613657112428153,-0.5330114646577704,-0.45477677926109633,-0.25981250234028214,-0.5182125547323373,-0.3749266103894869,-0.23482921965178558,-0.4738325706754583,-0.3058503981683532,-0.2274148281054075,-0.3645922288737948,-0.17549430223906418,-0.22655939097066227,-0.5913935016202381,-0.304527007885021,-0.27467740834207355,-0.7037386792208528,-0.3593901711358699,-0.273737883773382,-0.7920721099385187,-0.4195437856007267,-0.2764896839232681,hang_lose
0.0,0.0,0.0,0.0024268301055749915,-0.27031077058259745,0.0029844022997581325,-0.04307149302822055,-0.5810944072748253,-0.019451158886231005,-0.08781920571375264,-0.8227074746699762,-0.039113535045513126,-0.0682077682331683,-1.0,-0.057261389909841365,-0.1459218730901844,-0.6516138586457054,-0.15190764472392365,-0.4501101131365141,-0.7646169377495172,-0.1830301306176504,-0.4348866987702981,-0.6376563220149611,-0.15871076773136542,-0.36174226598764847,-0.5777896277212323,-0.14077844397626885,-0.2238966903867368,-0.4966565815574582,-0.18125731373796697,-0.525816719893917,-0.589889788342016,-0.22913994880551422,-0.4989658016584242,-0.460952031435738,-0.2024151226574235,-0.42615560296217114,-0.4016129196129461,-0.1894647217520112,-0.31174015701243496,-0.32199673462903433,-0.2028927670583406,-0.5783005231182168,-0.4300777426760833,-0.24893985477908645,-0.5523673323741858,-0.32390780484005194,-0.21635971295127304,-0.4832831540909655,-0.2631810181147116,-0.19881193080810472,-0.3905111509370469,-0.13829520295884604,-0.219954499687697,-0.6246841848102677,-0.27188341954475076,-0.27044453624224113,-0.7559391666869354,-0.32680950843020506,-0.2783312414780107,-0.858730372291083,-0.3988422495776662,-0.2849369213023223,hang_lose
0.0,0.0,0.0,0.027946352972521717,-0.29126563159274704,-0.0012714101829332347,0.008856951551175255,-0.5877726561987006,-0.020259063478208432,0.001629940117851931,-0.8241364462783822,-0.04265845355798728,0.028707193374875775,-1.0,-0.06829543320526342,-0.24652774054413107,-0.6473079314883854,-0.062475009529416224,-0.428146135702995,-0.631976543599399,-0.07038985115465754,-0.40642555758205634,-0.5344661269493328,-0.06811670945021243,-0.34843292348305754,-0.4954137405972343,-0.06489652159491396,-0.32852703939761146,-0.48357533620553644,-0.08361647595529415,-0.48345681278585706,-0.44932747007952173,-0.08051032097306578,-0.43940067449765774,-0.35754150770919485,-0.07325526556971462,-0.3720546302208412,-0.3235161025869357,-0.0786024396545527,-0.38837207461821777,-0.29551691647656236,-0.09895939070602802,-0.5311403403453477,-0.2904015018656769,-0.10546942053433195,-0.47922465155316596,-0.21207621293580484,-0.08731467405627778,-0.40215255600967625,-0.17749362889350312,-0.08271123578046832,-0.4306371803375697,-0.0992092883465467,-0.11225284699507435,-0.6019996802460706,-0.17308168373159913,-0.11216709443659048,-0.7021441367412364,-0.19510078528788347,-0.08948852403539437,-0.7810868386900309,-0.2297396598512909,-0.07648934373234446,hang_lose
0.0,0.0,0.0,0.026691135662825195,-0.3284500030889975,0.033075800851840434,-0.018241241141104113,-0.5992017978740977,0.04518470137487621,-0.052011480214001614,-0.8296722896761051,0.04662034204717649,-0.03592982314649164,-1.0,0.04224783133972885,-0.3220301227663252,-0.6855030245033757,0.030776305143608264,-0.5068374765966434,-0.7024164490797502,0.0523079950591817,-0.5061054229613069,-0.617153914018336,0.05570043164232136,-0.46596842398313176,-0.5607549587457274,0.05504286452900375,-0.40876936665728336,-0.5258605959981585,0.003860618385468499,-0.5753661754514395,-0.49239434529925663,0.0291107486258106,-0.5418902312457139,-0.4085864824952069,0.023875089700636974,-0.4732252416849745,-0.3673513384406482,0.008122464585898166,-0.46608526305204845,-0.3318927489725529,-0.016399074418576097,-0.6109043162988692,-0.32335108925289946,-0.006246813801504255,-0.5742414055429799,-0.26197490596652145,-0.0031335295152151907,-0.5073704256018181,-0.2244505655708868,-0.010534200877804304,-0.5020644584599628,-0.12496584654429067,-0.031800097865488895,-0.6766569240460749,-0.1794571842973461,-0.02050128774668269,-0.7611622669777894,-0.19719927446040125,0.0009569657136690233,-0.8185958748570854,-0.2210332812985887,0.013101771654933255,hang_lose
0.0,0.0,0.0,0.0401986041402359,-0.3284518044591735,0.06379263996082976,-0.001672146291089742,-0.6026186640128219,0.09071111109834237,-0.03695586173907837,-0.8297831973669789,0.10286467178035338,-0.02937097366663737,-1.0,0.1045096271350419,-0.2858609581924908,-0.6937567999226818,0.059949727235506546,-0.44720983874181425,-0.7544576852651738,0.1233159327709719,-0.5018438361316244,-0.6803604401114811,0.15502934520372555,-0.532515142357596,-0.6247923211254841,0.16571960279451403,-0.3809964594004127,-0.566690630174901,0.023735542933833877,-0.5006117172800939,-0.49421293532198934,0.08813534328267626,-0.4705820681289659,-0.402101458435686,0.09335462864253682,-0.4138636307131169,-0.35355697017681287,0.07221764567740462,-0.44331157241350816,-0.3878221022918475,0.0002672219101679996,-0.5492891312241944,-0.352658706299718,0.041264437024348705,-0.4926817686960011,-0.2808096420846361,0.047186716643822665,-0.42508394523153614,-0.22544812519106316,0.027620524572510626,-0.48050975389488715,-0.19227091067050783,-0.015466695258418827,-0.6523313295264855,-0.23856336608735207,0.007723186990644548,-0.7383768289100059,-0.25722702873625003,0.031308201212922486,-0.8054513537864736,-0.2792887705459653,0.03693179855104712,hang_lose
0.0,0.0,0.0,0.038780948805595246,-0.40408301070925073,0.04675746133613391,-0.03717307153959198,-0.7156017113251119,0.06692481485505973,-0.19973315633865063,-0.8853804911335925,0.07113641433980038,-0.3540834723600168,-0.9266089504850522,0.0625477230892627,-0.27268302001841466,-0.8877080676660088,0.039070687549673376,-0.51369080078513,-0.9439269460983228,0.04380185831410137,-0.6029987120419555,-0.882741752466286,0.03692785461118629,-0.6391518685386145,-0.8439804119200321,0.02782000256940014,-0.39840403998676155,-0.729230879353331,-0.0045465880781788036,-0.638582943460536,-0.7354620224663059,0.001876488497332936,-0.6693219359215411,-0.6500238868576784,-0.004407389366365294,-0.6468265983563138,-0.5936834562545921,-0.019640957778892038,-0.49486534884568745,-0.5178162452905672,-0.043642140949351496,-0.7075191106759643,-0.5567154147665613,-0.06591043973867473,-0.7188098509991218,-0.4879614330287041,-0.07252399745077923,-0.6914524266030013,-0.43276285038222306,-0.08155088213527234,-0.5652471016660643,-0.27533365690134104,-0.07566772613453104,-0.7803226738964667,-0.39487759924848964,-0.10891267317652517,-0.9050558564111917,-0.44367037297669654,-0.10795850767310738,-1.0,-0.49113720955622797,-0.10484091341996457,hang_lose
0.0,0.0,0.0,0.09072016569601997,-0.29538309064674007,0.07525452081111468,0.10733395595593001,-0.5959350452464559,0.10930767223166768,0.10599734405280796,-0.8278588062058927,0.12719944396174448,0.14084527163987295,-1.0,0.13541368494193984,-0.13841126249190575,-0.7965482653780971,0.09207683482088727,-0.31454185907665133,-0.7860430041507066,0.1633828309854789,-0.28866373362916214,-0.6669125261765624,0.187669545618007,-0.23898333437989747,-0.5937776280471213,0.19211264641808035,-0.24721630553559332,-0.6859502752463662,0.04840309072276141,-0.39963192505670553,-0.6224406108080505,0.131860693163947,-0.35511424327266916,-0.5207243785319463,0.1291235230434526,-0.2888232931286586,-0.4533084550088725,0.10023169782232022,-0.35288132394681593,-0.5192053654518881,0.01614249185218684,-0.47042941356858764,-0.4825821826942149,0.07831519657092854,-0.4183765531094749,-0.3933154121685174,0.06926683982612175,-0.34929634343782695,-0.32963048976875586,0.03521867983121835,-0.4344536054798762,-0.3274240667887326,-0.008132055044725594,-0.5928900419921398,-0.4170641118541163,0.025541162059562694,-0.6786945125818604,-0.4662280400113095,0.036057610517608266,-0.750777862942626,-0.5209233918379295,0.02962835059044913,hang_lose
0.0,0.0,0.0,0.06680041677305179,-0.3274027665575045,0.06075174305602424,0.06928205205597669,-0.6146571709018985,0.07334272640419759,0.06696426783982388,-0.8401703681505557,0.07298491817708769,0.0985747421116645,-1.0,0.06453919646087712,-0.1518220269424128,-0.8267167172130782,-0.01324504789234389,-0.3907360547188645,-0.8418506115617871,0.009284885846723592,-0.39281953498944056,-0.7254040915336121,0.027292994775767458,-0.3497654342623052,-0.6674366178183108,0.034032356429566785,-0.26633297924666083,-0.7015234145330352,-0.058566737565661206,-0.46605965287597123,-0.6450114279959259,-0.038729326736676443,-0.4329439509235256,-0.528374723693819,-0.03159482260482685,-0.36432076803031616,-0.46754332120568515,-0.04438961159806984,-0.3695768607798756,-0.5233187479191377,-0.09018153814474537,-0.5335091601062075,-0.5115210091254573,-0.08840061063991068,-0.4965597435792403,-0.4162707189211947,-0.07923267473062505,-0.433484243656392,-0.3557192800039176,-0.08843737703294813,-0.45739240882935495,-0.32339611518976386,-0.11265286882792117,-0.6347116021030839,-0.4369504482959027,-0.12225367126696132,-0.7395074489097282,-0.4812969551112755,-0.10825521360752453,-0.8301572046268831,-0.5382837093540788,-0.10257658645463086,hang_lose
0.0,0.0,0.0,0.06202475393216083,-0.31999936304567966,0.05278131787517568,0.05932521767029239,-0.6030319320534876,0.06755980079153003,0.04600137181087883,-0.8297092303527607,0.0702453806396518,0.055187373678098624,-1.0,0.060979860849540046,-0.16929744528238014,-0.7889370765801923,0.01198989397669382,-0.3955719289512842,-0.8457026815187114,0.0445805955070503,-0.46234302467195376,-0.7765304744307073,0.06483393671581267,-0.4871600624922961,-0.7438101162500612,0.07047796756917221,-0.28324304407546963,-0.6671583403565411,-0.027588782534332862,-0.47668938863590926,-0.6637970793285322,-0.0013568425725947236,-0.4855443806769291,-0.5564913607172578,0.0029072891959572343,-0.45415049461272294,-0.4870897321194242,-0.010619211773720938,-0.3778598806654285,-0.49478877002351423,-0.05593356080271946,-0.5450252982921957,-0.5365020532930244,-0.050047078152942306,-0.5465193395255517,-0.4582902553656029,-0.046075706669387234,-0.5197105661875158,-0.3946788659146281,-0.05757084303658904,-0.45535193495516846,-0.29875870577959374,-0.07614076613467588,-0.6384333223832236,-0.4277879579067558,-0.08049102499320655,-0.7365855503373794,-0.4752086172842273,-0.066563487061987,-0.816316675994902,-0.5273608741372365,-0.06143654387211976,hang_lose
0.0,0.0,0.0,-0.016027534823003533,-0.31853719093538474,0.04115230615303345,0.018801869359813206,-0.5838347046917687,0.0038792049004070578,0.03640242163561426,-0.8207583705457842,-0.05035449754459864,0.009167195298622689,-1.0,-0.1048140334481552,0.30127386806055845,-0.6774864633974617,-0.03069898975485396,0.5532534809893769,-0.6578695522953886,-0.02210365248535253,0.6026957993385584,-0.5630092275773295,0.009037073775525296,0.5891185565316932,-0.5055561493507505,0.03220120507166299,0.3834609067607362,-0.5322190959290789,-0.08023448382407382,0.6448507854368104,-0.5062404790338628,-0.047666542857495546,0.6663202604308609,-0.3964031742903029,-0.011857104286225394,0.6419390297263129,-0.3404840155731658,0.002380780257856342,0.4458591422173423,-0.3512371067398531,-0.12367174461907768,0.7191279323264727,-0.35554528366984556,-0.08386479437741845,0.7632137553196724,-0.2702403574986385,-0.0463483127049457,0.759951891792933,-0.23503832755192738,-0.039427393539288105,0.48576919689739695,-0.16389210078107974,-0.16551750415793479,0.7052750760096408,-0.15159606750263777,-0.1393816857685757,0.8302262421385758,-0.1264583262964747,-0.11436481465899459,0.925025259430663,-0.136764914323065,-0.10518708335147454,hang_lose
0.0,0.0,0.0,-0.03484077821928256,-0.28995933350808556,0.02201886809795792,-0.022254670461427286,-0.5657973771868736,-0.0315405006786019,-0.00609540895432675,-0.8087001930471921,-0.10050930833274911,-0.03171070112789206,-1.0,-0.16523105051641873,0.27106281728158527,-0.7264498011912487,-0.07135202973145995,0.5412400569921436,-0.7118376478954435,-0.08930493640727712,0.5391964923659956,-0.6051124318328577,-0.0707393551399693,0.4716356503410424,-0.5621552985742012,-0.052204082717736584,0.3521935502284185,-0.5873936424791665,-0.1186850847470721,0.6360631499797625,-0.5808990779613408,-0.11977448621688247,0.592681939637776,-0.4438442900150985,-0.09220921877155128,0.5093217587815664,-0.403222623936651,-0.08070934588775226,0.4190210580262633,-0.40061556976475154,-0.16186066170698718,0.7100400907472318,-0.44466661792028356,-0.15486600124542255,0.6649653685460974,-0.32499866139361305,-0.12278965083832581,0.5776481767358517,-0.2844593268047725,-0.11469464975798205,0.47003425763110507,-0.20056888509591947,-0.2041677072509413,0.7112312242462207,-0.21017806384794682,-0.20808048867597026,0.8556358865608606,-0.19548028909292,-0.2086525321427198,0.9717948437457719,-0.22746257721250251,-0.21847461305343605,hang_lose
0.0,0.0,0.0,-0.10374557520448219,-0.3348873910627565,0.07999724860403461,-0.1470796521719971,-0.6089564368079641,0.06884670580272334,-0.19330495129540387,-0.843647986989156,0.03598881474668017,-0.29195878407548714,-1.0,0.0022554447596158755,0.1992832881300148,-0.8960000055084013,0.060010982597825266,0.42504374014942914,-0.8898942008239191,0.13382175855427308,0.4395124169694566,-0.7683059669069018,0.2005772998338885,0.3753362706883505,-0.6916554432989265,0.24396390026891449,0.33519930428891015,-0.7635276008777637,0.009638524294702069,0.5462507754796269,-0.7940350210386504,0.11516275906586586,0.5287130584227933,-0.6666334441210554,0.16652263058584724,0.46410656828661867,-0.5839060349356584,0.18024461778294543,0.4422444118989732,-0.5841244774764912,-0.02814116908702257,0.6434974699224073,-0.6993548973474982,0.07527333721045727,0.6283099467268735,-0.5667632014002356,0.12622629709827868,0.5651260012380132,-0.4855922598698503,0.13032728038234626,0.5138352106653666,-0.3744957230706308,-0.062065756146273,0.7227136175255298,-0.4915711131170873,0.008211393795682219,0.8394769222082905,-0.5256317964205031,0.05312123665045942,0.9148464842972691,-0.5967623854682864,0.07055103960633644,hang_lose
0.0,0.0,0.0,-0.10782239513229586,-0.33719270247400557,0.034074591687453644,-0.1620205801821557,-0.6136307740436462,-0.010144997260579902,-0.23101996920851411,-0.8436661490706313,-0.06392134684090096,-0.319336878048571,-1.0,-0.10866704165700682,0.15437861965544655,-0.8988319981051394,-0.04172690138247996,0.38315562682939036,-0.9224432636067992,-0.009973408682863444,0.3748342285966386,-0.7911894759914117,0.037856247955400685,0.29936882574301676,-0.7021657933713241,0.0705837612059638,0.29027111604353356,-0.774401079832733,-0.07744893546387474,0.4866729619470288,-0.8186807296865304,-0.012680612975089545,0.4580368140111336,-0.6972350593490116,0.03139535964201002,0.3934500123962076,-0.6204720601373807,0.04234011252803049,0.3975502583217699,-0.5995091729458427,-0.10157619000864156,0.5817091768769518,-0.71692083159145,-0.034464948931887646,0.5611133033192601,-0.5951392000787543,0.014555438648631958,0.4975804683999114,-0.51190952634925,0.021657807218274778,0.46611904224307105,-0.3992348542045772,-0.12298401103284085,0.650888934439836,-0.513736831403814,-0.0736921041294333,0.7601283457578956,-0.5431839770634648,-0.03332641899987766,0.8381202295040971,-0.6002294908833781,-0.015800634051945865,hang_lose
0.0,0.0,0.0,-0.10676471696350134,-0.33390610666662685,0.0474494080239738,-0.17538457223159695,-0.6072286948983672,0.012585001706189328,-0.24949954946589012,-0.838843475869413,-0.035927695540448924,-0.35115304035421324,-1.0,-0.08070491683792409,0.11828092980149113,-0.8996836717774778,-0.015702307584439777,0.349003356143023,-0.9508048120926708,0.028686154030784342,0.36934585501150113,-0.836888893093542,0.08146236301653738,0.31644905097383913,-0.7552218056849455,0.11607617192434941,0.25549441658031913,-0.7911760707882115,-0.05768787479808755,0.45592956497940024,-0.8624416210199016,0.015609383856623738,0.44988980212847285,-0.7478663736908661,0.053146026578344364,0.39925239055274203,-0.6691302061004758,0.057515165962759913,0.3682255362633901,-0.630888333100141,-0.08766705989814695,0.5616348753400582,-0.7780394621075835,-0.016315623749095762,0.557950271457382,-0.6704687795380336,0.020906113451179553,0.5076662167134628,-0.5957685809843568,0.01899080796141852,0.44829430225801487,-0.449154873029712,-0.11336474462252613,0.6493840487522886,-0.5956540595123277,-0.061277033747417775,0.76433256969088,-0.6471639919264022,-0.02474950257807554,0.8437522147041918,-0.7210846146045415,-0.012267462169340106,hang_lose
0.0,0.0,0.0,-0.10497492839313458,-0.33053591420045697,0.05163104736480951,-0.17266578586033723,-0.5976337640576594,0.014917102185879582,-0.2410401379410581,-0.8355673629561287,-0.03564439184050555,-0.33397867816943816,-1.0,-0.08137377303297476,0.08883733244377656,-0.8866252909654178,-0.037305272746611315,0.3346609722654853,-0.9521623400550573,0.004986792450171103,0.33837649380388923,-0.8235384980341927,0.06286182327845932,0.2796675879170958,-0.7450949257167809,0.10034519511105405,0.22523076346828538,-0.7822773528301639,-0.08154452163245107,0.441620676176259,-0.8639797698399918,-0.009670212805374247,0.4260797374100132,-0.7420889900382661,0.0359765471490365,0.36558454156079434,-0.666405327352302,0.0435486435254586,0.3425387679105201,-0.6241210211249457,-0.1124235967489893,0.5499720199394748,-0.7766899844508978,-0.039965934598295866,0.5336212921217561,-0.6608962327121483,0.005270365306415058,0.4703306513239467,-0.5815183376642669,0.005719945343394198,0.4309744872429812,-0.4488517130423898,-0.13883931297931323,0.6256644864202265,-0.5916212524246451,-0.08762740860004958,0.7412667956395925,-0.6342546691325829,-0.05307550034551555,0.8225130160104211,-0.7001238613892132,-0.044155535483861585,hang_lose
0.0,0.0,0.0,-0.0981471128139115,-0.34550366753753226,0.0918375280476236,-0.15189957878540908,-0.611165614264931,0.07666246787411062,-0.20848416065566278,-0.844959516174488,0.04180073365823243,-0.28380753616123455,-1.0,0.011303471457862245,0.08396398729501017,-0.8653802737513996,0.002369350743320821,0.3000135580826738,-0.9659541310259203,0.055199323198704825,0.3143811649287439,-0.8401558417817453,0.12364379980339531,0.2647511939491343,-0.7543174876415791,0.16867260120795174,0.21761446297043882,-0.7619526685810476,-0.053132580378953284,0.41696573156519684,-0.8737096589913701,0.02556971402186325,0.40210881503880813,-0.7485789148963721,0.08288843179285352,0.3454310023079208,-0.6688075742457364,0.09942475107808359,0.33132084669464607,-0.6129849870893539,-0.09210580792623518,0.5235135238066221,-0.7786664330817217,-0.010740707040389676,0.504166901521095,-0.6553220044635036,0.0524391536845869,0.43999192608559873,-0.5672145757005644,0.06396887482986405,0.4132396962380129,-0.44573034649279825,-0.1236581322233857,0.5948683418769566,-0.5689180193012255,-0.06674793738307402,0.6982543587712416,-0.6139323771584392,-0.023378625303431714,0.7683753913182569,-0.6933448094632371,-0.008149210809803251,hang_lose
0.0,0.0,0.0,-0.10863607512578911,-0.32624023687978754,0.07481838593741033,-0.15401635990986962,-0.6114996939195517,0.05713887625682294,-0.19177984801425316,-0.8462180380172756,0.020521926576072606,-0.26414433240383695,-1.0,-0.010286672631518253,0.09631811935147609,-0.8844247434588328,0.0031106008415304515,0.32948373386496954,-0.9951740819819285,0.03760647867547738,0.3378064271096871,-0.8820538146930836,0.08766215552769498,0.2771827562720639,-0.7936054177257792,0.12252902345903456,0.2216244152390616,-0.7877081789678312,-0.05336989494181379,0.44267333342838777,-0.8906469429794138,0.0035608719787082344,0.4309208469850018,-0.7578768122947354,0.04564046615947416,0.37408358009616893,-0.675173358105977,0.056088325821236074,0.33426985437402046,-0.6382932885261431,-0.09764083395463814,0.5553392980502825,-0.7950903035249468,-0.04012753576976493,0.5365948279846683,-0.6704553164066485,0.009037563486436863,0.4726761114198639,-0.5857411479137096,0.01754417025974571,0.4189551148338321,-0.46796402367857776,-0.1361609741578154,0.633521504521326,-0.5986770618595871,-0.09618657970276785,0.7636996265771525,-0.6338152853457895,-0.06338774271446158,0.8631550117676847,-0.6927900231718646,-0.052957260188466686,hang_lose
0.0,0.0,0.0,-0.10482280163177765,-0.31359699282696873,0.06022193810428705,-0.16182740328844475,-0.5931881469962454,0.029545538379822454,-0.21096868901913138,-0.832853339657729,-0.016296963298689196,-0.2835977697185652,-0.991209636283778,-0.0572969252173431,0.046682186823709636,-0.8723469091725349,-0.07115406123981399,0.31148661139408335,-1.0,-0.0586254791408907,0.3518549271035465,-0.891931325996488,-0.0020954453588602952,0.3119873730611754,-0.8081607199913168,0.040357868926870634,0.16496300847133202,-0.7776541874738241,-0.1258616306464817,0.419998925045547,-0.890305075769426,-0.098577059191375,0.41560165433722834,-0.7379289162667523,-0.04692014504496637,0.3576350166493413,-0.6525558407907295,-0.02631949506307107,0.28291652335949136,-0.62687889063415,-0.16782948340246648,0.53230627782238,-0.7927307048688447,-0.13994738027737785,0.5214604051614203,-0.6594161069150664,-0.0896076569102381,0.45811112184994357,-0.5730963002526143,-0.07650139223958027,0.3828663989885466,-0.4553873415195373,-0.2035006076754763,0.6000669717512735,-0.5940980822828626,-0.19252339855770945,0.7262280611477155,-0.6494725372034265,-0.1746115080269575,0.8229313815116993,-0.7311512400660108,-0.17318110759196248,hang_lose
0.0,0.0,0.0,-0.10425713479294524,-0.30518024337701205,0.06964723154495837,-0.15753233545479978,-0.5782271505004201,0.04146389285320383,-0.21314935903502136,-0.8217063169174174,-0.0012803956403631752,-0.30817185407297176,-0.9690101150187179,-0.03744353522032253,0.03428890926650101,-0.8700286420699981,-0.07392743082284944,0.3193049865963708,-1.0,-0.052742681826313684,0.3630586309082276,-0.8833411092427808,0.019877484385300424,0.32402408892720136,-0.7883689475495967,0.07240595237548336,0.15005436249182288,-0.7726027918063265,-0.13344499935037596,0.4323416121629825,-0.906601891756861,-0.10274128712156338,0.44220074904943124,-0.7489649637769349,-0.03296711926440429,0.3954123098500868,-0.6584905699362816,0.003157795800659203,0.26411360624364894,-0.6247991315225175,-0.17966688881785495,0.5336398240068566,-0.8133124671727826,-0.14880826105029582,0.5437745958765502,-0.6754334845675403,-0.08650972873426359,0.49307577647862466,-0.5859115397664417,-0.06529574259370297,0.3600392087664322,-0.46060994261254856,-0.21915486480992394,0.5765690428440902,-0.6019560579155797,-0.21994257339060214,0.7154769249714964,-0.6578624362413307,-0.21146822335400922,0.8214814285247908,-0.7396158549209523,-0.21572957325464426,hang_lose
0.0,0.0,0.0,-0.06949297035044362,-0.3263737008118938,0.08334368993552052,-0.08997337074460458,-0.5846689728242775,0.0734282725261569,-0.09549522395730814,-0.7930095964345686,0.045310932063236456,-0.12394146697383034,-0.8929858726583023,0.02081328530388607,0.03432361114148726,-0.8678321389429584,-0.048746944496275285,0.29498761564201825,-1.0,-0.04872224963233616,0.3393471283599064,-0.8686577628084091,-0.0030036549826324447,0.3035484511806604,-0.7804347799672909,0.032920100163657595,0.15449775155708165,-0.7681239322781872,-0.10868576483377866,0.41762214859042496,-0.9262749479352721,-0.09715346746398908,0.41733684056407305,-0.7729042276316077,-0.04969296234955603,0.3594220450684922,-0.695803777335501,-0.02879110705760474,0.26673741272930956,-0.6254450106559548,-0.15599064436802718,0.5228888876738428,-0.8259580031445395,-0.14376178381705235,0.506479917109551,-0.6965768504545488,-0.09401188018540087,0.4380924868835767,-0.6118404425684132,-0.07531594594248398,0.3644108727190546,-0.46842520297346096,-0.19404021354303513,0.5708094728643741,-0.6164772105942304,-0.2006433818974009,0.69194448697106,-0.6815158976639523,-0.19459011685573696,0.78465243300843,-0.7720306094428527,-0.19800075142574428,hang_lose
0.0,0.0,0.0,-0.10664841604644176,-0.31927104709760135,0.09110392766355975,-0.1787208628283948,-0.5908135347953575,0.0884657257586689,-0.2631778081484647,-0.835494014953097,0.05881401254163743,-0.363387845425427,-1.0,0.030188899356763162,0.1510269570405223,-0.9178815176504935,0.10500757877488713,0.34838422774066063,-0.9507427043357212,0.2027765885447516,0.34798133190036346,-0.8107570904505815,0.28109734813161624,0.29702664393096356,-0.7307961022091148,0.32476832499112734,0.3018939743334786,-0.8042617595910958,0.046324728081603324,0.4791276090700223,-0.8745183824929444,0.17525716728969,0.45973614172861865,-0.7461969459124393,0.24026371508755665,0.3934962067200081,-0.6674146882232725,0.2571683097587705,0.421851746855153,-0.6433677894888274,-0.00240706878909935,0.5984955508824189,-0.7857215271284045,0.11195433745627277,0.5648875555875247,-0.6555821087505659,0.17871693271139358,0.4825785841524251,-0.5825432112347094,0.19116599951797228,0.5064378710242491,-0.45418369376192674,-0.0490516909605353,0.6823066865815629,-0.5530675851213722,0.013204382412881703,0.7815148578948037,-0.5924699689852289,0.056078519245990076,0.835691104726685,-0.6838113049475542,0.0736926878766435,hang_lose
0.0,0.0,0.0,-0.1307249044502801,-0.3415054098334561,0.15335492553233773,-0.19918642978224693,-0.6013630590178818,0.18581806153081576,-0.25291501200256755,-0.8406470013909823,0.1834491318315138,-0.3512949290806189,-1.0,0.17616873365350297,0.1668628259089761,-0.9440742872342812,0.1903023514672809,0.39489358209278674,-0.9371397048233311,0.34133043270002905,0.3965836456315046,-0.7918591581115091,0.4454801068366008,0.34732152976976205,-0.7229138670744171,0.5007637392928015,0.32591703087336155,-0.8228041495878354,0.11987340039598676,0.5476413808869108,-0.8730633310198241,0.3023066018931769,0.5180319471392234,-0.7378914259073268,0.3855932447241143,0.4453563382704604,-0.6672583726946335,0.4072331778618446,0.4468667995959574,-0.6493119595512419,0.06526249113892622,0.6631061382915946,-0.7811611757740875,0.2300758033642849,0.6235068708154746,-0.6469869115726153,0.3025654093536591,0.5392178165395515,-0.5767846927133665,0.30711352615780985,0.530873169769064,-0.4436103707860363,0.01823747702389911,0.7254000104712022,-0.5350033494422359,0.12159092447064221,0.844109114529445,-0.5557653844685989,0.16954793970624138,0.9218372702304681,-0.6328341037466,0.18041241128162608,hang_lose
0.0,0.0,0.0,-0.11224631114102855,-0.37221019195031846,0.20785830641671543,-0.14585676999095057,-0.6421057042914785,0.27819320288507576,-0.2092648245180943,-0.8582406889624311,0.30737818506775927,-0.28758080326565677,-1.0,0.327026016410259,0.15003395177734444,-0.9228930417518463,0.2531943856314177,0.3494534156732143,-0.9414929352801201,0.4104002411179856,0.3761539348047298,-0.826435944095141,0.509016771671966,0.34955646602923324,-0.7564417522391148,0.5624555841520762,0.291747671831353,-0.8191792837189932,0.16902618616914575,0.46752383172490747,-0.8431886252051185,0.362431610006502,0.46891922685549575,-0.7301049787645875,0.4332714450342593,0.4303779025986697,-0.6529155147508522,0.4469473486360943,0.39309331794971863,-0.6648736941498173,0.10564657484987856,0.585048874843992,-0.7471501951981644,0.28460778060616176,0.588950055200286,-0.6443244382077652,0.3553888671088733,0.5458745152786272,-0.5774797075105129,0.3598802747227149,0.46148126660755934,-0.4780061565016508,0.05645856397712471,0.6601878905109202,-0.5720574089522684,0.18641726382540577,0.7525180628693934,-0.5919790317490043,0.2627466379733373,0.8030518620765522,-0.6437555740502342,0.2963958941773125,hang_lose
0.0,0.0,0.0,-0.13624639146248685,-0.35420709444554455,0.1469734923052626,-0.186672120725772,-0.636180908013993,0.16995047495996507,-0.24367242295707273,-0.8522670821478571,0.15609526503079837,-0.318932359245325,-1.0,0.13554681509523964,0.1652288099381989,-0.9028579964496507,0.17803629127976053,0.38132384257570545,-0.8906940550755752,0.2886309639319965,0.4188503746625952,-0.7780605261603771,0.3428408809399761,0.38339621133957946,-0.6962945400352256,0.36318984084743083,0.3105435299921142,-0.7998892687044699,0.09759099297399278,0.5049678835818925,-0.7753507793746244,0.24305279024279453,0.5210264400279303,-0.6687664794222171,0.2704498839588152,0.4819053772854071,-0.5864556953230575,0.2506555141458165,0.41313229740949564,-0.6425397503638934,0.03330321449564053,0.6173539823316276,-0.6723235160269437,0.1760424223196099,0.6334851437683032,-0.5693472324992445,0.21476639395155472,0.5927130991214449,-0.5028983808044911,0.19509877890390986,0.4852816830462136,-0.43718278740633437,-0.022523753959401694,0.7015420744183785,-0.48647671255718944,0.09613756872809462,0.7617376910223408,-0.4494403510051796,0.16855264433802863,0.7589865177048486,-0.44309609913186665,0.19493415837788844,hang_lose
0.0,0.0,0.0,-0.1286948977100675,-0.3421311075777677,0.055189709673666425,-0.19735687048708375,-0.6155425673244309,0.03863687679412113,-0.2654519440523317,-0.8406508110420144,0.006490861328743449,-0.33243256362212237,-1.0,-0.024055254909014258,0.14470026256478816,-0.8920919440666609,0.06649434492104135,0.3112007999995701,-0.916249373321132,0.15560941771430334,0.32599928748023244,-0.8143095212379431,0.2183758849721572,0.288672959695705,-0.7388902531487087,0.2520967830264839,0.2857358306989984,-0.7689375234081013,0.033428336358982555,0.43955609552780106,-0.8014508500174548,0.1577599964440658,0.44485593147630403,-0.7255529864483325,0.1988006223402009,0.4125247648980307,-0.6501769746496644,0.19861129770612854,0.3911749644411798,-0.5997677235709886,0.010655072019880458,0.5491551768824054,-0.686416879947942,0.130926677529496,0.5679937839904439,-0.6172989697480012,0.1713428411066963,0.5355913296123967,-0.5555463609817154,0.1630897222206774,0.4610748015001962,-0.4071864192084439,-0.010368828558356738,0.6139158442150219,-0.4905010797952285,0.07901864747828519,0.6974920128110266,-0.5084536046281902,0.12943131293807447,0.7398622211021559,-0.5390178009934796,0.149068582969991,hang_lose
0.0,0.0,0.0,-0.10115590446206844,-0.332463405566606,0.053832438777598385,-0.17300025272410108,-0.6067940196631518,0.031812908585454075,-0.23690557836247608,-0.8374702860090326,-0.006602077111052395,-0.31334220471112584,-1.0,-0.04150693705142135,0.1606866531913365,-0.8562803912241432,0.03626465308056575,0.36321879412292324,-0.9044290186461716,0.09856718411572662,0.34228149847469413,-0.7807839577251937,0.14525904084204352,0.27336690820425963,-0.7026124634581832,0.1711718011236147,0.3013301640601993,-0.7355065523286052,0.0035915651651967514,0.47435738279118234,-0.7966682511936157,0.09784040706820513,0.43739060474723396,-0.704026698977643,0.12943483511837703,0.36756739158637564,-0.623476276737659,0.12415279658362434,0.398234647339713,-0.5804215937863743,-0.017676469675028013,0.5672288037731363,-0.6858599961096602,0.08405282853998676,0.5347268729906008,-0.604059271940834,0.1231486622343741,0.45457321279089785,-0.5333789015002472,0.11509048151247107,0.4616042702316166,-0.4195548931710396,-0.03622751393158918,0.6194451875625542,-0.5361439037668716,0.05187905268571106,0.6120543641275814,-0.5024840789571259,0.11089551013014587,0.5609965320728588,-0.48075654776575943,0.13509384280878622,hang_lose
0.0,0.0,0.0,-0.08441849826859602,-0.3447274898167935,0.07717932695765597,-0.1332625496175,-0.6167458744062707,0.08253272215154084,-0.18540799642854267,-0.8423681878618118,0.06840336391093066,-0.24789074772621217,-1.0,0.05699581288723508,0.2060607440327914,-0.8042100723052452,0.09996938294412888,0.3423068774058806,-0.8657517985085287,0.1892859784682026,0.32797633909514645,-0.7568052551443664,0.24836762262724751,0.2783681260582423,-0.6779059306935429,0.28000969415797566,0.33666910977053616,-0.6815769969744194,0.06611235305109014,0.4612225337786916,-0.761661437744985,0.1704896802390228,0.43478835811420874,-0.6834067771230142,0.1986149889486744,0.3794260026355277,-0.6025453537111976,0.1951532082925013,0.4223245834710627,-0.5252726466112988,0.044664947765471356,0.560046770179975,-0.6412560852271224,0.14799503011050918,0.5513237552046084,-0.57901150779177,0.17817520477462898,0.4956372597283503,-0.5155708011665753,0.1692566497157849,0.4720580473589576,-0.3613838805442199,0.02857870164442611,0.6246638814515488,-0.4373542746619665,0.10567723434796573,0.6938960427799048,-0.4242364670318228,0.14709149192190277,0.7236178067261022,-0.4222926132735329,0.16376236786093487,hang_lose
0.0,0.0,0.0,-0.031403889604196183,-0.29082767294767714,-0.018029387040519467,-0.12202304478438226,-0.572640571097905,-0.0653268713580792,-0.18807802804124407,-0.7957930839513946,-0.10503374703387967,-0.1946326940560258,-1.0,-0.14634793131007712,-0.26746751765223986,-0.6465933376435716,-0.19322243874124212,-0.5637296936366941,-0.5807773563176907,-0.22943516390684515,-0.532543937695089,-0.4619887028455628,-0.2098282047389423,-0.4573028568659426,-0.4331093028520453,-0.1981066759866865,-0.288786134691162,-0.48060776516512604,-0.2229011758722916,-0.5719378369170831,-0.3922511362264703,-0.2556821650447049,-0.5036998044408563,-0.2848852273781786,-0.222896926103349,-0.4235634337955454,-0.25505375228274435,-0.2158002718322646,-0.3221431419861124,-0.27356232060979996,-0.24526843925514702,-0.5814911272118858,-0.22826422373879068,-0.2826675476789946,-0.5157487239751603,-0.14567649756624612,-0.24057168342092783,-0.4355284362505798,-0.11651712025761465,-0.22610334505584692,-0.34516559922408097,-0.05896370462634287,-0.2651210445823402,-0.5935861599106863,-0.084754347180624,-0.31747353589520994,-0.6929046555457613,-0.07973073971414786,-0.3112117233611444,-0.7703983676320345,-0.10244175866094982,-0.30942850128401334,hang_lose
0.0,0.0,0.0,-0.025309036023881584,-0.32098413081319094,0.09086354899411757,-0.0918038960962595,-0.5959766048926873,0.1133253292217496,-0.15653283603217122,-0.8185639324616221,0.12123482427299971,-0.15554281355982277,-1.0,0.12086569920589747,-0.33663826058946134,-0.7068069889304789,0.007408812834461065,-0.6077858820758891,-0.6169709471501824,0.05595943044039655,-0.5805143699546035,-0.48801603827800055,0.10334730856680878,-0.5159226821563185,-0.4516642287799518,0.12840491287305517,-0.3907267895090031,-0.5598920570022327,-0.046235000156131065,-0.620651369674506,-0.40557045760321625,0.007909668401469437,-0.5487744187257236,-0.28451665376133245,0.047982730066402406,-0.4698523600125004,-0.24234826503688955,0.054409849145467815,-0.44126906452987413,-0.3568314634104015,-0.08467379599307438,-0.6279123949866972,-0.24578430130989024,-0.04661311133007571,-0.551066687185168,-0.1515825802512675,-0.014518683956893742,-0.46557380787483066,-0.1061934274153472,-0.015487558825683137,-0.46942052491699976,-0.12956945997952835,-0.1123694523573212,-0.7058597770778604,-0.1326120974923303,-0.104416546118602,-0.8152059879220988,-0.10289894585482051,-0.08653657784578893,-0.9108420440156275,-0.09783223371471834,-0.0810817913818615,hang_lose
0.0,0.0,0.0,0.03273936313951091,-0.3174847991429467,0.06943682490579708,0.016673564655130445,-0.6014308398927724,0.09243262793960437,-0.013055754326435768,-0.8324693326439578,0.10439718657817429,-0.004006148499556981,-1.0,0.11172002280995628,-0.2390126897117337,-0.7245596517487142,0.028798139760000226,-0.46952977637958476,-0.721334765706635,0.07504125679400536,-0.4525033630339597,-0.6093639029227951,0.10234565825157173,-0.3911220842357986,-0.5432189198582622,0.11496416171874578,-0.3313561059615695,-0.5771523664286732,-0.007742695517375816,-0.5179439187187889,-0.5219916950382602,0.05238685920994291,-0.463987702436441,-0.4110260382719121,0.07424173806804807,-0.3877231374619758,-0.360948617582434,0.06637463572979226,-0.41198862869071196,-0.3896606655342959,-0.032131183945265214,-0.5643476490230092,-0.35810198025656004,0.014844293882135122,-0.5081090287636947,-0.2730753941907601,0.03543669224357946,-0.4263383026602153,-0.218213737547461,0.02532752169835239,-0.4721036456515791,-0.18136676691680517,-0.04871080819280709,-0.6606404164926882,-0.26601094148440857,-0.024703799708351834,-0.7707343937655919,-0.2813459247845972,-0.0022599190311726864,-0.8642697062218915,-0.30809285741399234,0.0038605298409479915,hang_lose
0.0,0.0,0.0,0.12069061962586927,-0.34467541021238923,0.10867542297567441,0.17858306035902233,-0.6188974379605433,0.1520095129150296,0.21736549759004598,-0.8492551318311928,0.18373080080479384,0.2742722343679839,-1.0,0.20848712638543668,-0.05235977280198575,-0.8265486801426942,0.056180320841842275,-0.21652308564951875,-0.9756443479135921,0.1508515683305137,-0.21128657873301274,-0.8664388553384038,0.20974820494406846,-0.17105671077134418,-0.7798701636496382,0.2394052081181861,-0.18786431994734398,-0.7267010630381114,0.013990869961873315,-0.3202200704155098,-0.8286257251029399,0.12794133363125315,-0.30960195074483915,-0.7323102742986436,0.166775383194909,-0.2673134662643075,-0.6477936693660464,0.16114683658150877,-0.3117494445892681,-0.5863078276691148,-0.0067170452595694385,-0.41037984137465144,-0.7124576191193773,0.09809309003221627,-0.3937111710382098,-0.6427917260361156,0.13955717383432006,-0.35107965635745314,-0.5606483270784253,0.1295949325498664,-0.4171114462894732,-0.42600824796091835,-0.016792788216875746,-0.5316035072951597,-0.6520372895883731,0.05625738111075387,-0.5868402209874845,-0.7579282746197629,0.1050705223742615,-0.6252738963376955,-0.8424443716819283,0.12208307540772442,hang_lose
0.0,0.0,0.0,0.18521293297730887,-0.32259906008439726,0.015445466787344177,0.2897191139125128,-0.5695792060047602,-0.000965645928779958,0.37210730751479026,-0.8210809838624055,-0.01697573243409021,0.4606270450248613,-0.9846196877828834,-0.030515580723036773,-0.015439398559056646,-0.8162063606523438,-0.031417446610934256,-0.07650017092289355,-1.0,0.008929838397417986,-0.03659559154817972,-0.8761721272167111,0.03300403082777817,-0.01241553668490811,-0.7642706875100481,0.04235943748380115,-0.19060146995215227,-0.7548483244441724,-0.0419705659575584,-0.21146620085661455,-0.9350346433757569,0.0120321307824023,-0.17372621221279572,-0.8370433805204698,0.023311046208701097,-0.1530098078747284,-0.7249590327061988,0.009661921704732464,-0.3225346300164419,-0.6454155334786725,-0.039405925766662186,-0.3388849811832139,-0.8789430018335087,0.003198432514727583,-0.3005424492617032,-0.8109919528066547,0.023932960493198322,-0.27327005649234465,-0.6954140296014939,0.016347494895495696,-0.41791800189839684,-0.5235359832005468,-0.03200571450627112,-0.50644499160806,-0.7735788475170835,-0.00769034349881693,-0.5201549314117498,-0.8809196460865528,0.01998957457938224,-0.5199169829261847,-0.94255387659077,0.03293889462459932,hang_lose
0.0,0.0,0.0,0.06380642870495631,-0.32397800316136804,0.06613444636157034,0.0675576496146737,-0.6058767929259689,0.09482619199560825,0.06426589450233895,-0.8363380893965857,0.11454724558123897,0.08859089596798368,-1.0,0.13023746504356304,-0.16637259288592637,-0.6986990467225418,0.03190904712201873,-0.3481981280674838,-0.7896470727479677,0.09798434529430444,-0.3248538641585153,-0.7009853833739473,0.14901901097244444,-0.270323514804118,-0.6306554529174073,0.176647433944241,-0.2661263092632066,-0.5728482123005755,0.003552057586290047,-0.4234848413619324,-0.6223770489989923,0.07924307002852497,-0.3948595552846725,-0.5334155937962853,0.11269603949389097,-0.33978449768206903,-0.4767886119957214,0.11214797823768409,-0.352148524565865,-0.4155928284067391,-0.012193696881212876,-0.49208130124917177,-0.49576608420654417,0.04946950833760235,-0.4678677440906864,-0.42783206808555824,0.07755031949453253,-0.41507252452604365,-0.36625839703818086,0.06976703300882782,-0.4192626092458401,-0.24593947274398562,-0.02061654263752151,-0.58008663066527,-0.3787994765712541,0.01482258932677981,-0.6757641263264085,-0.43771134320532634,0.03865314525758036,-0.7523500092363272,-0.49550752235246487,0.043327000761878294,hang_lose
0.0,0.0,0.0,0.031390611897936876,-0.30501393450651004,0.029343485126744537,0.01765015668136149,-0.5967048466732904,0.023552187047328588,-0.01320570117986329,-0.8290375370098503,0.019321129046156425,0.005825990722200777,-1.0,0.014673286724354957,-0.14846455932024957,-0.5923860924145061,-0.10298285754256849,-0.38932562068916754,-0.710138564669885,-0.08891277209452998,-0.36272952915980766,-0.6228314571549933,-0.04881324093397754,-0.29747591904630466,-0.5616694224918282,-0.02495877043474982,-0.2384075302376958,-0.4361910376061455,-0.12827954521007195,-0.46906642996424325,-0.5484955394390267,-0.1105032862859384,-0.43739901345474674,-0.47304546352071375,-0.07267015835192736,-0.36806174968797284,-0.42205436159743237,-0.06676156980142506,-0.31852786560861135,-0.27823839135929657,-0.14092108022651,-0.5195279499331951,-0.41526492322534725,-0.12267765623464706,-0.4978676617316708,-0.3474754214788856,-0.08077462322078692,-0.4391825962439421,-0.2866688856427707,-0.07447781751196024,-0.3802950993799262,-0.12253514266305415,-0.14861304697434125,-0.5597371587014852,-0.23134331680536577,-0.1433683917649937,-0.657925607385786,-0.2788031303799477,-0.12663071480775986,-0.7357530735263231,-0.3256323427202482,-0.1262694301227279,hang_lose
0.0,0.0,0.0,-0.010079772378032217,-0.2868489961709667,-0.02919177246780835,-0.07257447776730075,-0.5906617428670202,-0.0741704064808397,-0.10865277545499388,-0.819121589632784,-0.11119173721900576,-0.11320559390842369,-1.0,-0.1485701215597015,-0.21190136634127926,-0.580310040739888,-0.2083075832289069,-0.5116477061887275,-0.616063189183349,-0.26452637965471476,-0.4698831606081253,-0.5274455852533299,-0.2582505618205266,-0.38700225373626373,-0.48896409929503853,-0.25111801946983753,-0.25318613452809396,-0.406408851991335,-0.23384893120435712,-0.5452007023806903,-0.43693686666066917,-0.29504693994955955,-0.4734155499199593,-0.3690993613806391,-0.28030061978603427,-0.38017346347662695,-0.3333319238672522,-0.279293404388949,-0.298470238418964,-0.21319292329437714,-0.25349089814440673,-0.5660220643652613,-0.2721108411902562,-0.31370921253281486,-0.5018451126058904,-0.21317032323480048,-0.28438607265258936,-0.41558695489567593,-0.1705544844423377,-0.27099910962089196,-0.33100368031034694,-0.024471198702785742,-0.27131323222315323,-0.5624587640041998,-0.06564602853527264,-0.33249773561017315,-0.6529703258301621,-0.06879254005568947,-0.3351587103667814,-0.7198274988484905,-0.07834274200544764,-0.33845824616155773,hang_lose
0.0,0.0,0.0,0.04498712942716171,-0.31080710320435084,0.021244752900296537,0.032423917524017395,-0.6040360881654864,0.021370805395282296,0.02268589814723893,-0.8355467312364132,0.019559359254099046,0.04673083724320393,-1.0,0.01513383372344904,-0.18075404286075059,-0.6697076771310425,-0.04724669385028631,-0.4105594314966987,-0.7331256850755908,-0.0475751900077424,-0.37289228236650357,-0.6448570798262918,-0.03813027786906115,-0.3045872355531712,-0.5869549366290941,-0.031387264608898346,-0.2748578488939131,-0.518647361738806,-0.07113381940549858,-0.47628158200136944,-0.5577112068586993,-0.06342129279083579,-0.4296537306299409,-0.48298604208795737,-0.05442089392016768,-0.35648925420931465,-0.43592163174327936,-0.06394081260523769,-0.35321113673782806,-0.34963357520376964,-0.08763934278794847,-0.5257931708391912,-0.4135762256449723,-0.09003106990891854,-0.4867125605773808,-0.35227262143218485,-0.07680973470906607,-0.41819063137258344,-0.30222960420693296,-0.08153543403502754,-0.4091840911044423,-0.17676380602784025,-0.09944379896266999,-0.5879058927344931,-0.26526286545015604,-0.10556159550676217,-0.6805321043153741,-0.29590209370011206,-0.09380716864442767,-0.7526287343355695,-0.3307230273482043,-0.09145490946172036,hang_lose
0.0,0.0,0.0,0.08494507624166453,-0.3099643361569209,0.030199176956790374,0.07205353296445495,-0.5976999701201314,0.049059418971725506,0.04868093580388246,-0.8322942129054632,0.06111227843914385,0.06351857051828971,-1.0,0.07364021394122765,-0.2194832342737692,-0.6985602013351141,0.0248946706091183,-0.41727063900918837,-0.7930942103854743,0.04675181506268271,-0.38247859209419477,-0.7151790782120558,0.06483393550135277,-0.30555608055324557,-0.6525228538994429,0.07547517930488004,-0.32209755777074583,-0.5585555423556137,0.004444950626948725,-0.48594716183248793,-0.6184505788174532,0.03837122303103765,-0.44903892422873337,-0.5389230287386736,0.05747181320719087,-0.38362998702805706,-0.4992723532016459,0.05626927318586696,-0.40708215883850113,-0.3818587198216328,-0.01314158781259464,-0.5464148207747886,-0.46250256498871406,-0.0007210834051968462,-0.5277275279988768,-0.4076634062810124,0.02021918649374841,-0.47413231381781923,-0.3571580285046746,0.022439631411290774,-0.4620137921393146,-0.18961866567787103,-0.026911110039196846,-0.6245680769004617,-0.3115270292810712,-0.025833031970240346,-0.7200202319109796,-0.35329269551213976,-0.010863851350260075,-0.7872032488057052,-0.3935175685226985,-0.0036846107709498743,hang_lose
0.0,0.0,0.0,0.08744891987696575,-0.2525728521586005,-0.024292694898489953,0.08119486661415383,-0.5435870133851315,-0.10292789617149266,-0.009874837438497762,-0.7658232014170316,-0.1759113499259777,-0.11043697346764332,-0.9029889061667896,-0.26325779219168616,0.1830810031937125,-0.5442994786434385,-0.2745587159829793,-0.04994419074384445,-0.9054452343659639,-0.36660651212074685,-0.18890673099437016,-0.9943077223021687,-0.38338455176616293,-0.2755428825410279,-1.0,-0.38657081989946945,0.09196835688836048,-0.3852705252213642,-0.3168206317528477,-0.16088205267729272,-0.7995256605035653,-0.3934158776693372,-0.26246775021149843,-0.8290768261976579,-0.36937546462128673,-0.3000310939523203,-0.7854404448942759,-0.3592705570113867,-0.037655027017572784,-0.23782955436285452,-0.3466656345127494,-0.2826347799021481,-0.6444955084597805,-0.4079123750547183,-0.3133198404805019,-0.5996551768452866,-0.3411052396822444,-0.27217802792249457,-0.49375958168603823,-0.30066946671699407,-0.1798471694629805,-0.11739314823446219,-0.37451509590092513,-0.3573941073825882,-0.4463336249436187,-0.43567074087945556,-0.35719663570958626,-0.434442695757901,-0.39211546401319936,-0.30397378829970934,-0.3389974269127561,-0.3551813653256337,coração
0.0,0.0,0.0,0.08744891987696575,-0.2525728521586005,-0.024292694898489953,0.08119486661415383,-0.5435870133851315,-0.10292789617149266,-0.009874837438497762,-0.7658232014170316,-0.1759113499259777,-0.11043697346764332,-0.9029889061667896,-0.26325779219168616,0.1830810031937125,-0.5442994786434385,-0.2745587159829793,-0.04994419074384445,-0.9054452343659639,-0.36660651212074685,-0.18890673099437016,-0.9943077223021687,-0.38338455176616293,-0.2755428825410279,-1.0,-0.38657081989946945,0.09196835688836048,-0.3852705252213642,-0.3168206317528477,-0.16088205267729272,-0.7995256605035653,-0.3934158776693372,-0.26246775021149843,-0.8290768261976579,-0.36937546462128673,-0.3000310939523203,-0.7854404448942759,-0.3592705570113867,-0.037655027017572784,-0.23782955436285452,-0.3466656345127494,-0.2826347799021481,-0.6444955084597805,-0.4079123750547183,-0.3133198404805019,-0.5996551768452866,-0.3411052396822444,-0.27217802792249457,-0.49375958168603823,-0.30066946671699407,-0.1798471694629805,-0.11739314823446219,-0.37451509590092513,-0.3573941073825882,-0.4463336249436187,-0.43567074087945556,-0.35719663570958626,-0.434442695757901,-0.39211546401319936,-0.30397378829970934,-0.3389974269127561,-0.3551813653256337,coração
0.0,0.0,0.0,0.08029094529597547,-0.2274324475648272,-0.032477263184817945,0.0680223341623397,-0.5010841538001373,-0.11084792658818167,-0.034377625917038176,-0.7114114761689628,-0.1830357411598622,-0.13900678442656136,-0.8476759455380537,-0.2703662604457702,0.15925090615950843,-0.5436106064102896,-0.2488205044029494,-0.042803283114735254,-0.8622974674464258,-0.3370643118798087,-0.18239343139430197,-0.9751480018451406,-0.3645745289155183,-0.27634055617386977,-1.0,-0.37729685098880056,0.07559433162809306,-0.4076058884105741,-0.28500822162355927,-0.13930351583651673,-0.8035619501817962,-0.3605794221620124,-0.25237125228080715,-0.8770148552832894,-0.3559900357603901,-0.3138987626092285,-0.8741087290420446,-0.3585747029741832,-0.03855221210444352,-0.2705955806326765,-0.3106311570902696,-0.25788885255240995,-0.6486504067358921,-0.3712916414070196,-0.29206212290383315,-0.614248721515344,-0.32454085034603103,-0.26535258315236876,-0.5219558966234105,-0.2962231243719931,-0.164627269408655,-0.15391181997938028,-0.33504084277180585,-0.3201777952826537,-0.46167308396607815,-0.39361644735091506,-0.321988332128883,-0.44969288744612274,-0.36046324691404563,-0.2776651544948868,-0.3617894003025532,-0.3317307207257908,coração
0.0,0.0,0.0,0.07910258910587058,-0.2659721425449846,-0.03516466721879937,0.04903425300023774,-0.5783851527323322,-0.12272188077236117,-0.09540831888972917,-0.8153602762252481,-0.20491043787296598,-0.23082221636814768,-0.9544413651227245,-0.2980399297789942,0.16214391233297654,-0.5900292121174847,-0.25154330033690847,-0.05663086483460183,-0.9213472789486239,-0.35124561904020296,-0.19221722645384742,-1.0,-0.38500005499374135,-0.27793078037695296,-0.9957226805520105,-0.40228243925107326,0.07015404468154071,-0.4463791081371841,-0.2928503087480681,-0.16655282802250032,-0.8580126333997684,-0.3798392181315707,-0.25700866407494066,-0.8713778816987525,-0.37476878844936795,-0.2925807580601895,-0.8206073451578324,-0.3772528180531428,-0.052513243327070934,-0.3063774075829464,-0.32551827280326534,-0.29507538601898725,-0.7011174761013116,-0.3940797139161954,-0.2996594957286622,-0.6166516376104467,-0.34468656207540965,-0.24874724633459505,-0.4978962666732398,-0.31652538791256124,-0.1849987831964366,-0.18572252237959083,-0.3573576582656784,-0.35589019237058145,-0.5066758797417502,-0.4209888971740382,-0.3379781694762076,-0.45488075525804866,-0.38859161269740866,-0.2760840973047821,-0.3492442208655436,-0.36284294931457267,coração
0.0,0.0,0.0,0.06405879142498128,-0.2727016103183507,-0.035145349451121806,0.03411650029650525,-0.5972279369484107,-0.1174043951508477,-0.11242859091480908,-0.8445277790318488,-0.1922747433882762,-0.2451032450415501,-1.0,-0.2692637867519488,0.15818969042152267,-0.5914584957712454,-0.2388909966640126,-0.06225325035149248,-0.9108398818606103,-0.33255167254818224,-0.1640913580004926,-0.8935024781605524,-0.34829852357561997,-0.19350136957954092,-0.824430811932766,-0.35231058268773013,0.0685630042738208,-0.45374975920495786,-0.2775928450862849,-0.1571991973873477,-0.846214268144539,-0.3664564378880917,-0.21935829868482126,-0.75904573989187,-0.3465839182778559,-0.20953418229216958,-0.6467712256712659,-0.33348271993391526,-0.05407176182281566,-0.3205222605477065,-0.30950706485491924,-0.28734114556263135,-0.7038289263489302,-0.38299116467026817,-0.28740460780894106,-0.5853923083436144,-0.32355130012922795,-0.2285513272204998,-0.4579445333540697,-0.28472698563796944,-0.1902922685471628,-0.20404156504004628,-0.33978040397965115,-0.3605714365587203,-0.5115227356309023,-0.40459869389543596,-0.3410906155725427,-0.4422092702114803,-0.3712223722539906,-0.27863525001634754,-0.33817713614322736,-0.34284169421049787,coração
0.0,0.0,0.0,0.06405879142498128,-0.2727016103183507,-0.035145349451121806,0.03411650029650525,-0.5972279369484107,-0.1174043951508477,-0.11242859091480908,-0.8445277790318488,-0.1922747433882762,-0.2451032450415501,-1.0,-0.2692637867519488,0.15818969042152267,-0.5914584957712454,-0.2388909966640126,-0.06225325035149248,-0.9108398818606103,-0.33255167254818224,-0.1640913580004926,-0.8935024781605524,-0.34829852357561997,-0.19350136957954092,-0.824430811932766,-0.35231058268773013,0.0685630042738208,-0.45374975920495786,-0.2775928450862849,-0.1571991973873477,-0.846214268144539,-0.3664564378880917,-0.21935829868482126,-0.75904573989187,-0.3465839182778559,-0.20953418229216958,-0.6467712256712659,-0.33348271993391526,-0.05407176182281566,-0.3205222605477065,-0.30950706485491924,-0.28734114556263135,-0.7038289263489302,-0.38299116467026817,-0.28740460780894106,-0.5853923083436144,-0.32355130012922795,-0.2285513272204998,-0.4579445333540697,-0.28472698563796944,-0.1902922685471628,-0.20404156504004628,-0.33978040397965115,-0.3605714365587203,-0.5115227356309023,-0.40459869389543596,-0.3410906155725427,-0.4422092702114803,-0.3712223722539906,-0.27863525001634754,-0.33817713614322736,-0.34284169421049787,coração
0.0,0.0,0.0,0.0666600746448248,-0.26445101609359184,-0.033189441836016575,0.037474498206893664,-0.587786413253631,-0.11499092476262543,-0.10666142360823483,-0.8360902227328493,-0.19057935889113778,-0.2327985064486672,-1.0,-0.26490008050798175,0.1604479016906899,-0.5870218915151839,-0.23836419808127515,-0.052858574610609596,-0.9192159182921076,-0.3399637756461801,-0.11933545871468015,-0.8479554527753121,-0.35378172845014133,-0.10734867462707874,-0.7384941115455225,-0.3522374600221388,0.0663673626815821,-0.4556359658528903,-0.2796312848147111,-0.15739259779248033,-0.8548767482909583,-0.37667616682461424,-0.19715313059373707,-0.7460497800240129,-0.35554156090364714,-0.16212935838781847,-0.6254889583088452,-0.33811599045092255,-0.061099038470668394,-0.3240309973456198,-0.31522832554260133,-0.2862780298716815,-0.7068954622115077,-0.3983065659115101,-0.28135202149697613,-0.586648634649304,-0.33574374252454453,-0.21755407395135284,-0.46279251141953187,-0.29043044086129227,-0.2030908615259592,-0.20551752228163409,-0.348702570164019,-0.36391791361199033,-0.5176349135304632,-0.41827650399998306,-0.33950953392986766,-0.4448005482292072,-0.382190914236127,-0.27714142211520737,-0.33733465784951006,-0.3487790632651516,coração
0.0,0.0,0.0,0.0666600746448248,-0.26445101609359184,-0.033189441836016575,0.037474498206893664,-0.587786413253631,-0.11499092476262543,-0.10666142360823483,-0.8360902227328493,-0.19057935889113778,-0.2327985064486672,-1.0,-0.26490008050798175,0.1604479016906899,-0.5870218915151839,-0.23836419808127515,-0.052858574610609596,-0.9192159182921076,-0.3399637756461801,-0.11933545871468015,-0.8479554527753121,-0.35378172845014133,-0.10734867462707874,-0.7384941115455225,-0.3522374600221388,0.0663673626815821,-0.4556359658528903,-0.2796312848147111,-0.15739259779248033,-0.8548767482909583,-0.37667616682461424,-0.19715313059373707,-0.7460497800240129,-0.35554156090364714,-0.16212935838781847,-0.6254889583088452,-0.33811599045092255,-0.061099038470668394,-0.3240309973456198,-0.31522832554260133,-0.2862780298716815,-0.7068954622115077,-0.3983065659115101,-0.28135202149697613,-0.586648634649304,-0.33574374252454453,-0.21755407395135284,-0.46279251141953187,-0.29043044086129227,-0.2030908615259592,-0.20551752228163409,-0.348702570164019,-0.36391791361199033,-0.5176349135304632,-0.41827650399998306,-0.33950953392986766,-0.4448005482292072,-0.382190914236127,-0.27714142211520737,-0.33733465784951006,-0.3487790632651516,coração
0.0,0.0,0.0,0.058526277313206414,-0.2655201825558271,-0.03685837282015668,0.027754666851250488,-0.5907506504834017,-0.11589800481451351,-0.11236418630640034,-0.8374634722129247,-0.18842460818532375,-0.23355773321960785,-1.0,-0.2614177372954825,0.15360758906662672,-0.5718503905632736,-0.21973699155863252,-0.06126148772434106,-0.8748957351877935,-0.31916021645352527,-0.1477878858670878,-0.8299506374896722,-0.341757769230305,-0.1618660452749502,-0.7468080736598737,-0.3483975877552647,0.06189478023975556,-0.44076597428000547,-0.2562831838873836,-0.15666946426519474,-0.8171377728474468,-0.35061513618157375,-0.20483111718901914,-0.720864787342286,-0.33834486600156055,-0.18542476972181732,-0.610086261058901,-0.3286724688876864,-0.056861228031906894,-0.31422602379886555,-0.28820844322689226,-0.27341554295953135,-0.6849976919432653,-0.3666970015346594,-0.26775401109294117,-0.5649655354987626,-0.31209068269616524,-0.20831073471798522,-0.4430265188963891,-0.2737487637864484,-0.18701741235645988,-0.2039575317560828,-0.3188134766576634,-0.3429025471808237,-0.49975947938862075,-0.38359275858106323,-0.3177583145068462,-0.42913840796151304,-0.35376129605636036,-0.2531462357727391,-0.33100888264096945,-0.3271781141014932,coração
0.0,0.0,0.0,0.0685474044350876,-0.2596479979258485,-0.03582045074281914,0.03908733518867376,-0.5868987843908657,-0.11532484999427539,-0.10440229770747156,-0.841011422131464,-0.18855856641124213,-0.23262858357499466,-1.0,-0.2619735983226103,0.15977750530532253,-0.5747766903238987,-0.2278591789023496,-0.06002266696872346,-0.923964775009524,-0.3301477674784389,-0.12596927980742925,-0.8515730571271793,-0.3538587226398449,-0.11452220641684283,-0.7393495590362694,-0.3602452856455345,0.06493177827040289,-0.4474781805801842,-0.26344886562221936,-0.17140298496081258,-0.8544319261744391,-0.35659037991807385,-0.20715382115081732,-0.7431896625404989,-0.34255303978867446,-0.16972869856204234,-0.6239178460596998,-0.3326331629477776,-0.06136540049585185,-0.31975518148667226,-0.2938464216629157,-0.28361925465897714,-0.7162366540834382,-0.37002164711727975,-0.2812723305704457,-0.6008043056437702,-0.3147538923577406,-0.22354066693758576,-0.47915792242965505,-0.2766988868308003,-0.19778566528697036,-0.20332261412996683,-0.32273364078425454,-0.3508264674193303,-0.5219795565166582,-0.38945426753515394,-0.32968206827987445,-0.4512609335397741,-0.3586748577469252,-0.27096511911279186,-0.3428982709366821,-0.32969333193012473,coração
0.0,0.0,0.0,0.076784612199222,-0.2573409942840818,-0.03845668138515877,0.046067198306248267,-0.5876735681664409,-0.12196783552757626,-0.09546377614830015,-0.8443421858405931,-0.19938170539832462,-0.22388213206161742,-1.0,-0.2759880063478813,0.16879584598719824,-0.5799530276425655,-0.23055727543865684,-0.06802905782271548,-0.9300571384687133,-0.32958414971036504,-0.11664666664914027,-0.8333174400710489,-0.34837498473917883,-0.0845265030704269,-0.7113209181063612,-0.351538421090328,0.07305642729501695,-0.4495846202295019,-0.2645595358668476,-0.1779721934032366,-0.8545450229034258,-0.3533125313882936,-0.19610166557405467,-0.7358488025761265,-0.33545244802156055,-0.14428150464820164,-0.6243397624168402,-0.3246829305179005,-0.05442808991905908,-0.32254240573323745,-0.2936362592162965,-0.2795568273352002,-0.7182287114531628,-0.36586131752943263,-0.26886508325161645,-0.6030835796788987,-0.31103607530058064,-0.2041207922986429,-0.4892049696279359,-0.27523779656876896,-0.1922101664458738,-0.2081308336537877,-0.32162062948740366,-0.3478244035903955,-0.5269120729761245,-0.3857791999509986,-0.3195721581592304,-0.4537307302161348,-0.35692440469883785,-0.2546240829209251,-0.34646706322546866,-0.3304254569602658,coração
0.0,0.0,0.0,0.076784612199222,-0.2573409942840818,-0.03845668138515877,0.046067198306248267,-0.5876735681664409,-0.12196783552757626,-0.09546377614830015,-0.8443421858405931,-0.19938170539832462,-0.22388213206161742,-1.0,-0.2759880063478813,0.16879584598719824,-0.5799530276425655,-0.23055727543865684,-0.06802905782271548,-0.9300571384687133,-0.32958414971036504,-0.11664666664914027,-0.8333174400710489,-0.34837498473917883,-0.0845265030704269,-0.7113209181063612,-0.351538421090328,0.07305642729501695,-0.4495846202295019,-0.2645595358668476,-0.1779721934032366,-0.8545450229034258,-0.3533125313882936,-0.19610166557405467,-0.7358488025761265,-0.33545244802156055,-0.14428150464820164,-0.6243397624168402,-0.3246829305179005,-0.05442808991905908,-0.32254240573323745,-0.2936362592162965,-0.2795568273352002,-0.7182287114531628,-0.36586131752943263,-0.26886508325161645,-0.6030835796788987,-0.31103607530058064,-0.2041207922986429,-0.4892049696279359,-0.27523779656876896,-0.1922101664458738,-0.2081308336537877,-0.32162062948740366,-0.3478244035903955,-0.5269120729761245,-0.3857791999509986,-0.3195721581592304,-0.4537307302161348,-0.35692440469883785,-0.2546240829209251,-0.34646706322546866,-0.3304254569602658,coração
0.0,0.0,0.0,0.09505058284051866,-0.2647784512869076,-0.040698348963203415,0.07164997731090281,-0.595441929417625,-0.13487713817834754,-0.06659024917572574,-0.8555252411321818,-0.22237353009372357,-0.2017195804275404,-1.0,-0.31144184916546,0.18395293851416059,-0.6278948985973194,-0.2687339559589886,-0.07075413598201998,-0.9960574826705756,-0.37364006760837465,-0.13501839167514854,-0.9030712593952485,-0.3853448725152678,-0.11033238210716219,-0.7752437230370534,-0.3825524401234258,0.08492433088399814,-0.48584246206350673,-0.3081864606535335,-0.181404895986077,-0.9245576900239497,-0.4054689379597643,-0.21977181105206225,-0.8063154690034313,-0.37921346467165284,-0.18040542044315688,-0.6844266827860342,-0.36153856452151917,-0.05299768759788973,-0.34880609138125207,-0.34118132209543883,-0.3011725786587932,-0.7691045001543471,-0.418692026575342,-0.2943627914436195,-0.6462826662263063,-0.3559053654199768,-0.22660504338450996,-0.5198025445427497,-0.31549861896855674,-0.19905125425431192,-0.22280676449396689,-0.37291951250954586,-0.3700774385427874,-0.5650961326259704,-0.43989838998791136,-0.34052605746398246,-0.488040696646176,-0.40629745952256147,-0.27124471656637084,-0.3741857706146715,-0.3770872643623472,coração
0.0,0.0,0.0,0.09505058284051866,-0.2647784512869076,-0.040698348963203415,0.07164997731090281,-0.595441929417625,-0.13487713817834754,-0.06659024917572574,-0.8555252411321818,-0.22237353009372357,-0.2017195804275404,-1.0,-0.31144184916546,0.18395293851416059,-0.6278948985973194,-0.2687339559589886,-0.07075413598201998,-0.9960574826705756,-0.37364006760837465,-0.13501839167514854,-0.9030712593952485,-0.3853448725152678,-0.11033238210716219,-0.7752437230370534,-0.3825524401234258,0.08492433088399814,-0.48584246206350673,-0.3081864606535335,-0.181404895986077,-0.9245576900239497,-0.4054689379597643,-0.21977181105206225,-0.8063154690034313,-0.37921346467165284,-0.18040542044315688,-0.6844266827860342,-0.36153856452151917,-0.05299768759788973,-0.34880609138125207,-0.34118132209543883,-0.3011725786587932,-0.7691045001543471,-0.418692026575342,-0.2943627914436195,-0.6462826662263063,-0.3559053654199768,-0.22660504338450996,-0.5198025445427497,-0.31549861896855674,-0.19905125425431192,-0.22280676449396689,-0.37291951250954586,-0.3700774385427874,-0.5650961326259704,-0.43989838998791136,-0.34052605746398246,-0.488040696646176,-0.40629745952256147,-0.27124471656637084,-0.3741857706146715,-0.3770872643623472,coração
0.0,0.0,0.0,0.07167655395370633,-0.26542514160983854,-0.04370445542053263,0.033255638287911886,-0.5992855935489255,-0.13345747094335036,-0.12157111849968857,-0.8485772608120129,-0.21557392019608015,-0.2581415342006425,-1.0,-0.29904136019947797,0.1679830552370082,-0.580338264813781,-0.25251330718819465,-0.07245248755944556,-0.9326481026115876,-0.3569013095025418,-0.14206061527623978,-0.8630768160972433,-0.3780223474013449,-0.13189744942332568,-0.7532466211885097,-0.3824624553781379,0.07532312902422673,-0.4440248771197282,-0.285611666393673,-0.1822990302628968,-0.8559107720156104,-0.37975345371136676,-0.2174752606632402,-0.7517803256871803,-0.36404697750511267,-0.17615476246067632,-0.6387175694755854,-0.3554127215538701,-0.05223722699476143,-0.3147929786456345,-0.313121504598219,-0.29196598188179385,-0.7178168044222584,-0.38723585499747676,-0.28766971885469383,-0.6059550244790627,-0.3335259967531939,-0.2196372369598765,-0.48642964867337646,-0.300382954879139,-0.19020964208576271,-0.20129000526336416,-0.33970667555274014,-0.3592392690611571,-0.523025868859868,-0.40403622550577345,-0.33291087190141827,-0.4552224125293253,-0.376542089788259,-0.26172960137427853,-0.3477166550159297,-0.3531418642512672,coração
0.0,0.0,0.0,0.07920878752999586,-0.2618904810255902,-0.0472592060084897,0.04461440561182894,-0.5954490789084882,-0.14044898569976022,-0.11092427247166196,-0.8496816875633607,-0.22491196864170243,-0.2492270860659687,-1.0,-0.30958911323637134,0.17651120847456458,-0.5830083832081873,-0.26463358414606014,-0.06722022423522686,-0.942465510073494,-0.37287939298287576,-0.13109146205671182,-0.8664888279204908,-0.39299712056540553,-0.1176262535651522,-0.7504309286783577,-0.3958169357009707,0.0789060832811858,-0.44482693990855704,-0.2976708148446961,-0.18213095774630272,-0.8649866901518989,-0.39650499464364464,-0.21017118342129873,-0.7529376982388161,-0.37738744967771415,-0.1639800862931572,-0.63941671071751,-0.36480722623772727,-0.05346850488952337,-0.31349610420593765,-0.3252527955085002,-0.29358752794362647,-0.7239197763195172,-0.4045781233726347,-0.28200219620911027,-0.6098145439451054,-0.3460844153081158,-0.21187629978045924,-0.49363014382780745,-0.30768314266762564,-0.19508070322942786,-0.19923102218318706,-0.3520092337056078,-0.36275192152264085,-0.5256848884042629,-0.4200578061937357,-0.33068739677712966,-0.4540400194897926,-0.38942988406761037,-0.2574613470884196,-0.3501800753586075,-0.36220137234158845,coração
0.0,0.0,0.0,0.10053510139535252,-0.26030569149702953,-0.03905780515860782,0.08661433052395952,-0.5801425605284749,-0.13553242394858003,-0.036093473663447805,-0.8322792857468087,-0.22543570778627908,-0.1664046020195745,-0.9585744091127589,-0.32108514969386254,0.1940006662446997,-0.6166978342728008,-0.29171414264034323,-0.051125192274225024,-1.0,-0.409925784933528,-0.12203400079582227,-0.9854191033699707,-0.42797184688204715,-0.1273358832520444,-0.8874688946330948,-0.42558914923170255,0.09246403817355368,-0.466149568155735,-0.3367879271711923,-0.1796663269454588,-0.92803009511174,-0.43996708598596784,-0.22052447603417752,-0.859823518941812,-0.41048962735495853,-0.19404727817803852,-0.7489821411506524,-0.38897498067971215,-0.05532584530921079,-0.3191963598779595,-0.37469357471982756,-0.31857618720504227,-0.7720350716105071,-0.4621182824998991,-0.30999095296567974,-0.6716155102198014,-0.39126058513300543,-0.24581099994834893,-0.5372253877743918,-0.3406261454291406,-0.21696073277558586,-0.18289046897543912,-0.4114777013588714,-0.39728304619602534,-0.5529553855409782,-0.4885253374949617,-0.36604207275888834,-0.4956443037967849,-0.4490187545042141,-0.2971098621672533,-0.37889670813569004,-0.41153227691402583,coração
0.0,0.0,0.0,0.10053510139535252,-0.26030569149702953,-0.03905780515860782,0.08661433052395952,-0.5801425605284749,-0.13553242394858003,-0.036093473663447805,-0.8322792857468087,-0.22543570778627908,-0.1664046020195745,-0.9585744091127589,-0.32108514969386254,0.1940006662446997,-0.6166978342728008,-0.29171414264034323,-0.051125192274225024,-1.0,-0.409925784933528,-0.12203400079582227,-0.9854191033699707,-0.42797184688204715,-0.1273358832520444,-0.8874688946330948,-0.42558914923170255,0.09246403817355368,-0.466149568155735,-0.3367879271711923,-0.1796663269454588,-0.92803009511174,-0.43996708598596784,-0.22052447603417752,-0.859823518941812,-0.41048962735495853,-0.19404727817803852,-0.7489821411506524,-0.38897498067971215,-0.05532584530921079,-0.3191963598779595,-0.37469357471982756,-0.31857618720504227,-0.7720350716105071,-0.4621182824998991,-0.30999095296567974,-0.6716155102198014,-0.39126058513300543,-0.24581099994834893,-0.5372253877743918,-0.3406261454291406,-0.21696073277558586,-0.18289046897543912,-0.4114777013588714,-0.39728304619602534,-0.5529553855409782,-0.4885253374949617,-0.36604207275888834,-0.4956443037967849,-0.4490187545042141,-0.2971098621672533,-0.37889670813569004,-0.41153227691402583,coração
0.0,0.0,0.0,0.08811134557170135,-0.26878907841362004,-0.03939283389753713,0.06857778441683786,-0.5861878562115413,-0.13389894882946338,-0.06125813053223496,-0.8309526322996743,-0.22253990418339703,-0.20505524358083374,-0.9705200791049817,-0.31885291048372283,0.16176620794347513,-0.6206477633153847,-0.29483221416551936,-0.06599408019814289,-1.0,-0.4185643983484716,-0.17380233905465453,-0.9792314715006877,-0.45149553866443537,-0.2195120873814897,-0.8777649173534683,-0.46166037737088483,0.06901122649232583,-0.46640260476330125,-0.34062185809123163,-0.19324106221795953,-0.9098879514371787,-0.44774682364259333,-0.2763768389397581,-0.8404355299537052,-0.4308775609692131,-0.2881648767498263,-0.7231844001240106,-0.4204721114267658,-0.06974613077672225,-0.3090795386943062,-0.37889024978764263,-0.3388139535533641,-0.7338578210827199,-0.46925368213322144,-0.35210587670105503,-0.6251520270133217,-0.4043799433230001,-0.2996977895445802,-0.48381763663905336,-0.36100310140828595,-0.22516468409888718,-0.17340369494945324,-0.41575757242910427,-0.4219192595136163,-0.5064561503654553,-0.4980276820273851,-0.4068876181519555,-0.44758321335095347,-0.4602612465448504,-0.34390202983051493,-0.3357760727173005,-0.42638911862823287,coração
0.0,0.0,0.0,0.07614877030305411,-0.2857033375731066,-0.0169037476783412,0.04025829730520955,-0.5910125141748177,-0.09633340669093572,-0.10703767143593435,-0.8137813956531339,-0.1749994398789465,-0.24358381017001876,-0.9491288512204198,-0.2651238725333057,0.14827885828312334,-0.5769059840822556,-0.23741113087570573,-0.07064494381823061,-0.9174428447391894,-0.33365339346419826,-0.23010554204010727,-0.9986719213288241,-0.37087888279741854,-0.34461410977304724,-1.0,-0.3929160907812502,0.05118253696343117,-0.4267926783118856,-0.2893337794693807,-0.18258576909210902,-0.8343638319236295,-0.369022936618204,-0.28710264830810134,-0.8484126825987167,-0.367836636375297,-0.33836504908034404,-0.8014739793627078,-0.3764440592081018,-0.0773141365475908,-0.2769129943499179,-0.3306695323265488,-0.3227888635646219,-0.6593341471912584,-0.3989855789098984,-0.3193264851058433,-0.5680338409579204,-0.34965410755958776,-0.267345148713269,-0.44824345199455023,-0.3226038724978107,-0.2148471983493522,-0.1465578335384919,-0.369622641218916,-0.38712488916879767,-0.4392244885348242,-0.4392630354621713,-0.3606388233463372,-0.3841023263520802,-0.4070567848364707,-0.2967122812709769,-0.2878194864950703,-0.3820116557342036,coração
0.0,0.0,0.0,0.07614877030305411,-0.2857033375731066,-0.0169037476783412,0.04025829730520955,-0.5910125141748177,-0.09633340669093572,-0.10703767143593435,-0.8137813956531339,-0.1749994398789465,-0.24358381017001876,-0.9491288512204198,-0.2651238725333057,0.14827885828312334,-0.5769059840822556,-0.23741113087570573,-0.07064494381823061,-0.9174428447391894,-0.33365339346419826,-0.23010554204010727,-0.9986719213288241,-0.37087888279741854,-0.34461410977304724,-1.0,-0.3929160907812502,0.05118253696343117,-0.4267926783118856,-0.2893337794693807,-0.18258576909210902,-0.8343638319236295,-0.369022936618204,-0.28710264830810134,-0.8484126825987167,-0.367836636375297,-0.33836504908034404,-0.8014739793627078,-0.3764440592081018,-0.0773141365475908,-0.2769129943499179,-0.3306695323265488,-0.3227888635646219,-0.6593341471912584,-0.3989855789098984,-0.3193264851058433,-0.5680338409579204,-0.34965410755958776,-0.267345148713269,-0.44824345199455023,-0.3226038724978107,-0.2148471983493522,-0.1465578335384919,-0.369622641218916,-0.38712488916879767,-0.4392244885348242,-0.4392630354621713,-0.3606388233463372,-0.3841023263520802,-0.4070567848364707,-0.2967122812709769,-0.2878194864950703,-0.3820116557342036,coração
0.0,0.0,0.0,0.06720317454256723,-0.29657633133020506,-0.026091952371593275,0.02184360201291387,-0.62588426465079,-0.10417802152787264,-0.1389708963751213,-0.8601390098614502,-0.1808719205829774,-0.2801756339023069,-1.0,-0.26363882587030335,0.14431756191925998,-0.5651564909399158,-0.21222542645387188,-0.07861681181809163,-0.9057763454765616,-0.3098194034860727,-0.21230520200965897,-0.9397749383522437,-0.3453576254079804,-0.29132387050575415,-0.9067280165775269,-0.3659723409363296,0.04464568227846477,-0.41322540372668864,-0.25581019067135147,-0.20344416836793297,-0.7935592765202717,-0.3447542926891164,-0.2413215075634497,-0.7112354620365934,-0.33650688073688473,-0.214104480858446,-0.601036126727569,-0.3359422392421782,-0.083649409467856,-0.26697461073264045,-0.29366663895311684,-0.32390211597571206,-0.6614601606362606,-0.37315161689951026,-0.30899382786951174,-0.553606397658465,-0.31888920933984755,-0.2452887468550177,-0.4301684824808954,-0.2835255869461651,-0.22255411216120335,-0.14145793227212708,-0.32965782987290854,-0.3923128948734793,-0.4458327556382777,-0.40159494806603074,-0.3604812452799836,-0.38299366950543146,-0.3708465353842602,-0.2936988622511047,-0.2834267921352517,-0.34530758893103664,coração
0.0,0.0,0.0,0.05591473283624228,-0.2857985280152316,-0.029426873235677733,0.007877288455660407,-0.6121266469997597,-0.10783829233679172,-0.15218235002687153,-0.8463515761654509,-0.18240897964930344,-0.27738800868289015,-1.0,-0.2629516913958601,0.13925336788652823,-0.5602444337805182,-0.21991783636839357,-0.08618056273901475,-0.8883970174536671,-0.3175257444560656,-0.22327425224402622,-0.9356042829576892,-0.3532392635231915,-0.3058191074915983,-0.9081385373638826,-0.3744167191190436,0.04290113062678739,-0.4095496236817974,-0.26277949577728194,-0.1986750114913743,-0.8011828143483904,-0.35667438722948835,-0.2439619925226347,-0.7226163467618435,-0.3513551447968791,-0.22714235382233053,-0.6018210425534728,-0.3499319643422485,-0.08219595301408442,-0.2634818514062253,-0.29940923319840757,-0.3186962909499303,-0.6600657827706384,-0.3822261093023378,-0.30544593920888014,-0.5538484631891033,-0.33025262618318607,-0.24352349256891132,-0.4255280393421101,-0.29445656754956684,-0.22131679093943055,-0.1357290353389897,-0.3340725845420234,-0.3868470235590672,-0.44647881737231354,-0.4118841213373649,-0.35646748543842605,-0.38643776730569857,-0.38435028303169516,-0.29172146619824896,-0.28523169799346215,-0.3591446632635759,coração
0.0,0.0,0.0,0.05591473283624228,-0.2857985280152316,-0.029426873235677733,0.007877288455660407,-0.6121266469997597,-0.10783829233679172,-0.15218235002687153,-0.8463515761654509,-0.18240897964930344,-0.27738800868289015,-1.0,-0.2629516913958601,0.13925336788652823,-0.5602444337805182,-0.21991783636839357,-0.08618056273901475,-0.8883970174536671,-0.3175257444560656,-0.22327425224402622,-0.9356042829576892,-0.3532392635231915,-0.3058191074915983,-0.9081385373638826,-0.3744167191190436,0.04290113062678739,-0.4095496236817974,-0.26277949577728194,-0.1986750114913743,-0.8011828143483904,-0.35667438722948835,-0.2439619925226347,-0.7226163467618435,-0.3513551447968791,-0.22714235382233053,-0.6018210425534728,-0.3499319643422485,-0.08219595301408442,-0.2634818514062253,-0.29940923319840757,-0.3186962909499303,-0.6600657827706384,-0.3822261093023378,-0.30544593920888014,-0.5538484631891033,-0.33025262618318607,-0.24352349256891132,-0.4255280393421101,-0.29445656754956684,-0.22131679093943055,-0.1357290353389897,-0.3340725845420234,-0.3868470235590672,-0.44647881737231354,-0.4118841213373649,-0.35646748543842605,-0.38643776730569857,-0.38435028303169516,-0.29172146619824896,-0.28523169799346215,-0.3591446632635759,coração
0.0,0.0,0.0,0.05495785592458652,-0.2812811322153268,-0.03128645812433519,0.008445576613418387,-0.6083598320718109,-0.10396361027694409,-0.13900955742481802,-0.84696491513637,-0.17087265178184646,-0.25718415968300595,-1.0,-0.2377498184424914,0.1439258261292895,-0.5609165056007723,-0.21048445100552685,-0.08304869150179219,-0.8779046894665699,-0.2974575941910893,-0.17849093331555368,-0.8400451592885513,-0.3109268809209109,-0.20021104629572034,-0.7581544288247671,-0.3142156236161427,0.049715594071483835,-0.4181616027599164,-0.24768990900690427,-0.19458125785231153,-0.7965034701955772,-0.33310013257220106,-0.2324249204479128,-0.6931471040358413,-0.3155410137221464,-0.1966753317572528,-0.5772161630323323,-0.304502819408328,-0.0724202421184489,-0.27880042566838464,-0.2794643889431658,-0.301719025343062,-0.6586463611275519,-0.36068514240004523,-0.2927276932893163,-0.5482418085468163,-0.30679376680356757,-0.23147197155456492,-0.4313869719698784,-0.26802158990162733,-0.20702472027798813,-0.15797467071972895,-0.3085163306920043,-0.3627330830526398,-0.4534758386259419,-0.3845216407449372,-0.3331912203847032,-0.3884664279576373,-0.3588591784909732,-0.26937076096232043,-0.2943663005327559,-0.33342865857436366,coração
0.0,0.0,0.0,0.053159610426502926,-0.27192615237511913,-0.033228326910032815,0.0002508889891398631,-0.5997672898316834,-0.11425378591576674,-0.15292352115406505,-0.8420698614969765,-0.18705351833628128,-0.28007503281717583,-1.0,-0.2625922139762726,0.14499773751893721,-0.5654518420331849,-0.25460953609928244,-0.08225878455067522,-0.885072568349215,-0.3428634778242399,-0.214165493029136,-0.883454243247354,-0.3539862356652612,-0.2802347998974271,-0.8168641746697647,-0.3553310811380704,0.04567136382388838,-0.4168538778940603,-0.2929094412337818,-0.18323081992025161,-0.8226150302095705,-0.3760964353126042,-0.2655860418245006,-0.7807833917563983,-0.3561082371185038,-0.28216263574981293,-0.6841408620178142,-0.3458583512297109,-0.0809750287242834,-0.2740333465181673,-0.321756454458836,-0.316655619400796,-0.6680751582616704,-0.39130749149829736,-0.3241932237040585,-0.5800403077763968,-0.3323867363497766,-0.2759816848000531,-0.4575518079308105,-0.29488348348746657,-0.218240616664481,-0.15287082231675783,-0.34850024114062483,-0.3859416055877777,-0.47147903235518773,-0.415556246412331,-0.3706007006819184,-0.42999623894321065,-0.38475419364834157,-0.3150050978911277,-0.3348441598943472,-0.35836160599039407,coração
0.0,0.0,0.0,0.053159610426502926,-0.27192615237511913,-0.033228326910032815,0.0002508889891398631,-0.5997672898316834,-0.11425378591576674,-0.15292352115406505,-0.8420698614969765,-0.18705351833628128,-0.28007503281717583,-1.0,-0.2625922139762726,0.14499773751893721,-0.5654518420331849,-0.25460953609928244,-0.08225878455067522,-0.885072568349215,-0.3428634778242399,-0.214165493029136,-0.883454243247354,-0.3539862356652612,-0.2802347998974271,-0.8168641746697647,-0.3553310811380704,0.04567136382388838,-0.4168538778940603,-0.2929094412337818,-0.18323081992025161,-0.8226150302095705,-0.3760964353126042,-0.2655860418245006,-0.7807833917563983,-0.3561082371185038,-0.28216263574981293,-0.6841408620178142,-0.3458583512297109,-0.0809750287242834,-0.2740333465181673,-0.321756454458836,-0.316655619400796,-0.6680751582616704,-0.39130749149829736,-0.3241932237040585,-0.5800403077763968,-0.3323867363497766,-0.2759816848000531,-0.4575518079308105,-0.29488348348746657,-0.218240616664481,-0.15287082231675783,-0.34850024114062483,-0.3859416055877777,-0.47147903235518773,-0.415556246412331,-0.3706007006819184,-0.42999623894321065,-0.38475419364834157,-0.3150050978911277,-0.3348441598943472,-0.35836160599039407,coração
0.0,0.0,0.0,0.08437753441962186,-0.24651678447835856,-0.023804053792795918,0.06922227519048235,-0.5146739840112919,-0.09459973387005635,-0.04366854572048827,-0.7263571751589507,-0.1590690618918447,-0.1661842135647377,-0.8528985768667566,-0.23663256429345444,0.16155726575193285,-0.5128322115904944,-0.24212007969463123,-0.022533360758857573,-0.8466145926853563,-0.3347371666454041,-0.1795583477069432,-0.9619329505100498,-0.369442767804705,-0.29472286839208056,-1.0,-0.3879018275261398,0.07279981046475498,-0.3724226218499853,-0.2833598763764989,-0.13113416348959828,-0.773758243784696,-0.3573472816181214,-0.2789433853851266,-0.8781488231335557,-0.35931716947725656,-0.3690041831046554,-0.8977149021428971,-0.3692264343272041,-0.053002811390160984,-0.2316501342418052,-0.31442408998725624,-0.25947279716433447,-0.5811538163485325,-0.38493664131458233,-0.31999768586866995,-0.6150251057774145,-0.3558741184331568,-0.318267018048663,-0.5799149014361666,-0.33861728116532086,-0.19116302603241608,-0.11530422321571722,-0.34177657171642517,-0.35024196889186227,-0.3878595871231411,-0.41008206959446697,-0.3803261692506019,-0.43587929142547777,-0.38915158992911536,-0.3717543506860586,-0.4161582247851519,-0.37019913374085617,coração
0.0,0.0,0.0,0.11137177195818693,-0.27108901671844826,-0.04763537913642556,0.11109160665449122,-0.5858881373734965,-0.13880154537332043,-0.012436420667278522,-0.8398052614756263,-0.2181863225103517,-0.16948397579848654,-0.953117635511723,-0.3054992844208201,0.1821243025415289,-0.5744406200635768,-0.32206788637951056,-0.03820361213857802,-0.9981200353135724,-0.44305587503723515,-0.1363554050012487,-1.0,-0.4657218750351796,-0.17936930946344132,-0.9030122395033078,-0.46667126131283515,0.06866783761923212,-0.4176551417938596,-0.35930941949831774,-0.1990988666974307,-0.8985374055624016,-0.4662537369011463,-0.27580722242720174,-0.8744717609612362,-0.45025841523006205,-0.28204115737253044,-0.7685826369454376,-0.441265735910393,-0.0871622420213012,-0.2638678228195976,-0.38751495353388005,-0.355337169590451,-0.735934232068547,-0.48670924704146534,-0.3811471155615074,-0.6788808187486703,-0.4324164794378653,-0.3355913738685731,-0.5540475458814365,-0.3919314111385797,-0.2583362538630643,-0.13637534339777,-0.41268784718103413,-0.44710888111679686,-0.49485270766508016,-0.5032334500965622,-0.4420445284003959,-0.4724738102995179,-0.47255781594763874,-0.3906451921228945,-0.38081453488551353,-0.4413340814448602,coração
0.0,0.0,0.0,0.11137177195818693,-0.27108901671844826,-0.04763537913642556,0.11109160665449122,-0.5858881373734965,-0.13880154537332043,-0.012436420667278522,-0.8398052614756263,-0.2181863225103517,-0.16948397579848654,-0.953117635511723,-0.3054992844208201,0.1821243025415289,-0.5744406200635768,-0.32206788637951056,-0.03820361213857802,-0.9981200353135724,-0.44305587503723515,-0.1363554050012487,-1.0,-0.4657218750351796,-0.17936930946344132,-0.9030122395033078,-0.46667126131283515,0.06866783761923212,-0.4176551417938596,-0.35930941949831774,-0.1990988666974307,-0.8985374055624016,-0.4662537369011463,-0.27580722242720174,-0.8744717609612362,-0.45025841523006205,-0.28204115737253044,-0.7685826369454376,-0.441265735910393,-0.0871622420213012,-0.2638678228195976,-0.38751495353388005,-0.355337169590451,-0.735934232068547,-0.48670924704146534,-0.3811471155615074,-0.6788808187486703,-0.4324164794378653,-0.3355913738685731,-0.5540475458814365,-0.3919314111385797,-0.2583362538630643,-0.13637534339777,-0.41268784718103413,-0.44710888111679686,-0.49485270766508016,-0.5032334500965622,-0.4420445284003959,-0.4724738102995179,-0.47255781594763874,-0.3906451921228945,-0.38081453488551353,-0.4413340814448602,coração
0.0,0.0,0.0,0.1014276244144745,-0.26458777834924113,-0.02897891493489232,0.09543803222941845,-0.5746715308537272,-0.10171759522418032,-0.005925511516967725,-0.8111258527604559,-0.1689890510570906,-0.12575506065467412,-0.9379855155401192,-0.24585419551999155,0.1821473487598719,-0.5826054605273301,-0.24912138088716168,-0.007071162417746891,-0.933370592991358,-0.3493617716194997,-0.11458663604167955,-1.0,-0.37114620369482737,-0.1772181523258775,-0.9750664906584317,-0.3756702292089633,0.08423635996544473,-0.42867478020795197,-0.29233543316472793,-0.13926345122876074,-0.8400037593991945,-0.3721483464037754,-0.23280562438809926,-0.9003348725695549,-0.3590963448487512,-0.2718749576278191,-0.8778041096696986,-0.35581246600319133,-0.05737522983135268,-0.2720499257128603,-0.32843128409934913,-0.28507650395934947,-0.6697598126541302,-0.4104056893518093,-0.32981279715088063,-0.6939958642894039,-0.36948869684887603,-0.3103395179536387,-0.6433860670796434,-0.34105248246727954,-0.21478223995925583,-0.13632428458577606,-0.36113619968096294,-0.38928968715446355,-0.4525753834763632,-0.44270025648132416,-0.40068843069044224,-0.48609254474362995,-0.42248782070826335,-0.3681614550509404,-0.449512699023875,-0.39995297150493464,coração
0.0,0.0,0.0,0.1014276244144745,-0.26458777834924113,-0.02897891493489232,0.09543803222941845,-0.5746715308537272,-0.10171759522418032,-0.005925511516967725,-0.8111258527604559,-0.1689890510570906,-0.12575506065467412,-0.9379855155401192,-0.24585419551999155,0.1821473487598719,-0.5826054605273301,-0.24912138088716168,-0.007071162417746891,-0.933370592991358,-0.3493617716194997,-0.11458663604167955,-1.0,-0.37114620369482737,-0.1772181523258775,-0.9750664906584317,-0.3756702292089633,0.08423635996544473,-0.42867478020795197,-0.29233543316472793,-0.13926345122876074,-0.8400037593991945,-0.3721483464037754,-0.23280562438809926,-0.9003348725695549,-0.3590963448487512,-0.2718749576278191,-0.8778041096696986,-0.35581246600319133,-0.05737522983135268,-0.2720499257128603,-0.32843128409934913,-0.28507650395934947,-0.6697598126541302,-0.4104056893518093,-0.32981279715088063,-0.6939958642894039,-0.36948869684887603,-0.3103395179536387,-0.6433860670796434,-0.34105248246727954,-0.21478223995925583,-0.13632428458577606,-0.36113619968096294,-0.38928968715446355,-0.4525753834763632,-0.44270025648132416,-0.40068843069044224,-0.48609254474362995,-0.42248782070826335,-0.3681614550509404,-0.449512699023875,-0.39995297150493464,coração
0.0,0.0,0.0,0.05690422322885045,-0.2897716570071699,-0.0364785889348264,0.002457210617595433,-0.6069182124433262,-0.11690152166446424,-0.15379591002533197,-0.8376619349834881,-0.19177255086014408,-0.2810753440749927,-1.0,-0.2674228855677491,0.1364331258776012,-0.5613247276615827,-0.22646989689799388,-0.09118565943934256,-0.8754267001553807,-0.31955318017973255,-0.1793490080467825,-0.8320077303147296,-0.3410316465425863,-0.20278698342168908,-0.7489614354768226,-0.34916304122214303,0.04836570747140508,-0.4171503693531102,-0.2611807808853363,-0.19300064720132737,-0.7788574494677839,-0.3430240906199372,-0.23005794533521565,-0.6897933177263581,-0.32926083616675245,-0.20620451503716822,-0.5888101132267514,-0.32553658993212203,-0.06801480382055491,-0.28037719347534884,-0.2904040825204586,-0.3003156816910733,-0.6367602202056662,-0.3578739110892586,-0.28764401539657897,-0.5311643597321407,-0.30556549418213563,-0.2290811750008516,-0.4211082543935013,-0.27541151310789785,-0.19599035049896807,-0.16420892229479017,-0.3186824207240571,-0.365247617830382,-0.44512690590309917,-0.38045786748366883,-0.33787242826269676,-0.3858181681611301,-0.35272508680922277,-0.2739823319569266,-0.2977606484706921,-0.3308841891587412,coração
0.0,0.0,0.0,0.05690422322885045,-0.2897716570071699,-0.0364785889348264,0.002457210617595433,-0.6069182124433262,-0.11690152166446424,-0.15379591002533197,-0.8376619349834881,-0.19177255086014408,-0.2810753440749927,-1.0,-0.2674228855677491,0.1364331258776012,-0.5613247276615827,-0.22646989689799388,-0.09118565943934256,-0.8754267001553807,-0.31955318017973255,-0.1793490080467825,-0.8320077303147296,-0.3410316465425863,-0.20278698342168908,-0.7489614354768226,-0.34916304122214303,0.04836570747140508,-0.4171503693531102,-0.2611807808853363,-0.19300064720132737,-0.7788574494677839,-0.3430240906199372,-0.23005794533521565,-0.6897933177263581,-0.32926083616675245,-0.20620451503716822,-0.5888101132267514,-0.32553658993212203,-0.06801480382055491,-0.28037719347534884,-0.2904040825204586,-0.3003156816910733,-0.6367602202056662,-0.3578739110892586,-0.28764401539657897,-0.5311643597321407,-0.30556549418213563,-0.2290811750008516,-0.4211082543935013,-0.27541151310789785,-0.19599035049896807,-0.16420892229479017,-0.3186824207240571,-0.365247617830382,-0.44512690590309917,-0.38045786748366883,-0.33787242826269676,-0.3858181681611301,-0.35272508680922277,-0.2739823319569266,-0.2977606484706921,-0.3308841891587412,coração
0.0,0.0,0.0,0.05068284189304427,-0.2816655288273733,-0.030755073563748923,0.004082826547137486,-0.6001641458758021,-0.1077177808263085,-0.14218579583450358,-0.832093649051342,-0.18029574829735404,-0.2658876362222221,-1.0,-0.2533509458060174,0.13597434350749482,-0.5614540232119216,-0.2231101730420609,-0.09459965310097243,-0.8817983713828832,-0.3175441369407424,-0.1629543112752667,-0.8173512411620899,-0.3370911313051255,-0.15753257620065342,-0.7094535008104648,-0.34209849777717294,0.04696415303916657,-0.41782536270720433,-0.26100309705026614,-0.1938084653205074,-0.7937242229897117,-0.3461153689564389,-0.2297116265336261,-0.6958275294793559,-0.3330511466277368,-0.19475440798068688,-0.5800317430227447,-0.32688737726535927,-0.07108969478680328,-0.275711346114115,-0.292890187866731,-0.29706152092495924,-0.6401020866793307,-0.36764371789848127,-0.29544670638839615,-0.539655555735125,-0.3190346481763776,-0.23807922244299556,-0.42329543593222235,-0.2872104733937792,-0.20093790571469047,-0.15495536656115264,-0.32257723765400675,-0.3641531265246719,-0.44332417383621897,-0.3925676399104083,-0.3484127979038714,-0.39700253964565513,-0.3696384309860792,-0.2924725997669577,-0.30641437064092164,-0.34769782459563014,coração
0.0,0.0,0.0,0.0559292409976277,-0.28707780525611504,-0.02300089629271124,0.008825188171280305,-0.6104499839897349,-0.09385948557194243,-0.1391704598159717,-0.848121500830623,-0.1611047703606851,-0.26631396795746654,-1.0,-0.2326918081547543,0.13185886415709863,-0.581958081478063,-0.21262820281676398,-0.09314977791185611,-0.8938960936690259,-0.30052540866360855,-0.19476458540940825,-0.8622413676298496,-0.32119739683743664,-0.21885453356857518,-0.7745789416085656,-0.3298574158181415,0.04104505051195211,-0.43912943532113463,-0.2535751795981159,-0.18888218818923033,-0.82550359955924,-0.3304653281895889,-0.27769544248840633,-0.7859113430846367,-0.32167100972022816,-0.30088644176635204,-0.6996655215322142,-0.3217856582731955,-0.07650938004663532,-0.29312088416037596,-0.2870290881294158,-0.3055753070178232,-0.6508617170531616,-0.3549330954437619,-0.3163158642908553,-0.563353169077085,-0.31055672277342916,-0.27114860479080405,-0.4505563639500943,-0.28440159879375787,-0.20126842989964777,-0.16918710122714484,-0.31751409493594984,-0.3614392620339001,-0.4522802902345489,-0.38301916813441866,-0.34654776125539005,-0.4058845396426324,-0.36061985185669815,-0.2906889451580384,-0.3197661053712847,-0.34169317800230065,coração
0.0,0.0,0.0,0.0559292409976277,-0.28707780525611504,-0.02300089629271124,0.008825188171280305,-0.6104499839897349,-0.09385948557194243,-0.1391704598159717,-0.848121500830623,-0.1611047703606851,-0.26631396795746654,-1.0,-0.2326918081547543,0.13185886415709863,-0.581958081478063,-0.21262820281676398,-0.09314977791185611,-0.8938960936690259,-0.30052540866360855,-0.19476458540940825,-0.8622413676298496,-0.32119739683743664,-0.21885453356857518,-0.7745789416085656,-0.3298574158181415,0.04104505051195211,-0.43912943532113463,-0.2535751795981159,-0.18888218818923033,-0.82550359955924,-0.3304653281895889,-0.27769544248840633,-0.7859113430846367,-0.32167100972022816,-0.30088644176635204,-0.6996655215322142,-0.3217856582731955,-0.07650938004663532,-0.29312088416037596,-0.2870290881294158,-0.3055753070178232,-0.6508617170531616,-0.3549330954437619,-0.3163158642908553,-0.563353169077085,-0.31055672277342916,-0.27114860479080405,-0.4505563639500943,-0.28440159879375787,-0.20126842989964777,-0.16918710122714484,-0.31751409493594984,-0.3614392620339001,-0.4522802902345489,-0.38301916813441866,-0.34654776125539005,-0.4058845396426324,-0.36061985185669815,-0.2906889451580384,-0.3197661053712847,-0.34169317800230065,coração
0.0,0.0,0.0,0.04667217710691966,-0.2869033746781689,-0.027751292807211007,-0.008219177111525477,-0.6142001423550082,-0.10395405179465521,-0.16128616935002432,-0.8480357807789561,-0.17535176681608464,-0.2896729554890823,-1.0,-0.24741626164180958,0.11451308953945781,-0.5817073460215176,-0.22107271982228016,-0.11686587982870632,-0.8960715615579122,-0.3065195420071284,-0.20867827024139057,-0.8476079363094199,-0.3159430679968376,-0.2198933506606328,-0.7573871726729402,-0.31632627152304693,0.02748053956020168,-0.43737637381617356,-0.2608950630395671,-0.21081224904969706,-0.8094081850941056,-0.3453644965707968,-0.25806291609522125,-0.7104366628273093,-0.3232750949330411,-0.2318165923300482,-0.5932211664678492,-0.3095735493998103,-0.08661108278733799,-0.2970423957873121,-0.2943295529866747,-0.3179424351492868,-0.6536180953126656,-0.36648065478538583,-0.31528070118876,-0.5460940768908362,-0.31120074721339613,-0.25647497396830704,-0.43310175548738167,-0.27557996706685334,-0.20839384365962202,-0.17822974567771152,-0.3255342809585835,-0.37273373696776746,-0.45859045867152093,-0.391208088168521,-0.3484940590344589,-0.3992554174087633,-0.36497799103195405,-0.28605307099575167,-0.30968882073862336,-0.3425583172722194,coração
0.0,0.0,0.0,0.04667217710691966,-0.2869033746781689,-0.027751292807211007,-0.008219177111525477,-0.6142001423550082,-0.10395405179465521,-0.16128616935002432,-0.8480357807789561,-0.17535176681608464,-0.2896729554890823,-1.0,-0.24741626164180958,0.11451308953945781,-0.5817073460215176,-0.22107271982228016,-0.11686587982870632,-0.8960715615579122,-0.3065195420071284,-0.20867827024139057,-0.8476079363094199,-0.3159430679968376,-0.2198933506606328,-0.7573871726729402,-0.31632627152304693,0.02748053956020168,-0.43737637381617356,-0.2608950630395671,-0.21081224904969706,-0.8094081850941056,-0.3453644965707968,-0.25806291609522125,-0.7104366628273093,-0.3232750949330411,-0.2318165923300482,-0.5932211664678492,-0.3095735493998103,-0.08661108278733799,-0.2970423957873121,-0.2943295529866747,-0.3179424351492868,-0.6536180953126656,-0.36648065478538583,-0.31528070118876,-0.5460940768908362,-0.31120074721339613,-0.25647497396830704,-0.43310175548738167,-0.27557996706685334,-0.20839384365962202,-0.17822974567771152,-0.3255342809585835,-0.37273373696776746,-0.45859045867152093,-0.391208088168521,-0.3484940590344589,-0.3992554174087633,-0.36497799103195405,-0.28605307099575167,-0.30968882073862336,-0.3425583172722194,coração
0.0,0.0,0.0,0.04346198321244473,-0.2866952949743767,-0.03514703660202307,-0.013024625227211267,-0.6144094936577891,-0.11548812885391141,-0.1691841031178432,-0.8447314635968654,-0.18803680028464903,-0.29830684392082335,-1.0,-0.2591766771094282,0.11880067340062585,-0.5794310531705263,-0.24261106267655747,-0.12544781021554993,-0.8897579442988891,-0.32718146750017046,-0.21582183543268998,-0.8367277509522268,-0.32668708855348155,-0.22395394535233998,-0.7506004408871446,-0.31997246901233445,0.030269975398997357,-0.430308423955937,-0.27907495299110185,-0.22157457010749,-0.7978923071740247,-0.367343329992339,-0.2612679732348888,-0.689006897928192,-0.3373072311479074,-0.22409095894613665,-0.5749067795526845,-0.31765584458093205,-0.08589184443533061,-0.28913328943719124,-0.30909934564833147,-0.32500959271720486,-0.6452769613266419,-0.3845265296679699,-0.3168032553299877,-0.5333545115857353,-0.3239942770564308,-0.2508466062898138,-0.42393178305041557,-0.2848335849004802,-0.21031021643274656,-0.1704238642650114,-0.3371479351887279,-0.37842949792498565,-0.45523755296829005,-0.406109419466877,-0.35355298495767307,-0.39779961818407694,-0.3804865355411918,-0.2896035144410562,-0.31102340043868365,-0.3583907275850949,coração
0.0,0.0,0.0,0.04746840633577677,-0.29059053997870576,-0.034080965321676926,-0.0074197420020124675,-0.6192221265828923,-0.11802376761426339,-0.16495954028464072,-0.8511995287603787,-0.19436199222184303,-0.29942328770933185,-1.0,-0.2699093590064384,0.12130968672691707,-0.575934830869333,-0.24877210832735563,-0.12737504269895933,-0.8899256841995665,-0.3360132314009105,-0.2086362077191161,-0.8314732157183516,-0.33760206056870334,-0.20985795063536763,-0.7396422486858705,-0.3317526062239639,0.03143741634034797,-0.4217473376886866,-0.2861199520566524,-0.22237332760923623,-0.7937382466434517,-0.3726472626319456,-0.25388490999166347,-0.6805741307418958,-0.340189920586004,-0.21199592942530587,-0.5655667034406625,-0.32012740003880125,-0.0849814477924549,-0.2795465031780862,-0.3165869699185453,-0.32234159310084654,-0.63929231333156,-0.3916537371847921,-0.3088636264769918,-0.5255773719405616,-0.32888002704993113,-0.2423468132491929,-0.41610715281556404,-0.28910383377893056,-0.2089004955575254,-0.16204923626805035,-0.34469219156447517,-0.37483831446259214,-0.4466719771454489,-0.4127740152503991,-0.3426937534364194,-0.3829753276677133,-0.38407304060876724,-0.27642097501246204,-0.29397522141059534,-0.36070114568778616,coração
0.0,0.0,0.0,0.04427529202956896,-0.29352870084687366,-0.03470947653860653,-0.010001067975384564,-0.6280642777217837,-0.1155774274420006,-0.16579517231055665,-0.859182524338307,-0.1888203214760727,-0.2968123946255718,-1.0,-0.26142487252022795,0.12884425231660315,-0.5791570280786447,-0.24270430703093437,-0.11979598879022481,-0.8988354073650344,-0.3342889437863576,-0.23008464623058308,-0.8532406442344828,-0.34063766815807,-0.25724192345451696,-0.7678234735113458,-0.3384370071885452,0.035712391731608235,-0.42508813734956713,-0.2810243509016591,-0.222129772083476,-0.7995768643331919,-0.3735699084252078,-0.26120312788983197,-0.6832415858744023,-0.34416870768006363,-0.22131226410340823,-0.5664802924754156,-0.32456430809156467,-0.08439781980243778,-0.2792025529165644,-0.3131794260690573,-0.32726262043552534,-0.6500347495979668,-0.3964359665368775,-0.315506664709936,-0.5282193030895044,-0.3312859791630789,-0.24879243127167075,-0.41429277186327035,-0.2871493807043422,-0.2122578307054822,-0.15482528760048261,-0.3430096899647465,-0.37952583949549257,-0.4449283876230614,-0.41954264963890675,-0.348034374411016,-0.37502198016738864,-0.39024053409278425,-0.28160718690142145,-0.28434984170606936,-0.36422802511892644,coração
0.0,0.0,0.0,0.046595723043844614,-0.29663712700119127,-0.03490096172678355,-0.008856233837928931,-0.6347543365197431,-0.1169629696007993,-0.17078406020280676,-0.8680508179097539,-0.19049696079701048,-0.3081148850858587,-1.0,-0.26325330213995146,0.12935046633930905,-0.5885639364267659,-0.2479707382906909,-0.11886059214922857,-0.899333759479327,-0.3311406288970773,-0.22610802800941396,-0.8519994479472354,-0.3284135971976265,-0.24852107969898596,-0.7690936165267165,-0.32127174142867504,0.03585045181160473,-0.43583650521544587,-0.2856509907821922,-0.21520687450968998,-0.8077088357497748,-0.37100323313335587,-0.2653412557747625,-0.7005357817357701,-0.33683222026180987,-0.2365027457361188,-0.5853703111834268,-0.3153360846311622,-0.08397986460179563,-0.29291992329372113,-0.3159823132391176,-0.32556614463782435,-0.6533803062440073,-0.3920700024624665,-0.31641310980038934,-0.5341873202196589,-0.3279912041941689,-0.25086773977976,-0.4207340848999041,-0.2868412455981262,-0.20951782549321557,-0.17262239590899847,-0.3438217530508385,-0.37774275793939044,-0.4534285382223901,-0.4132380662100331,-0.3466124299038266,-0.383310137432083,-0.3832175095084031,-0.2788440305662899,-0.2947880407937938,-0.35885807231166894,coração
0.0,0.0,0.0,0.046595723043844614,-0.29663712700119127,-0.03490096172678355,-0.008856233837928931,-0.6347543365197431,-0.1169629696007993,-0.17078406020280676,-0.8680508179097539,-0.19049696079701048,-0.3081148850858587,-1.0,-0.26325330213995146,0.12935046633930905,-0.5885639364267659,-0.2479707382906909,-0.11886059214922857,-0.899333759479327,-0.3311406288970773,-0.22610802800941396,-0.8519994479472354,-0.3284135971976265,-0.24852107969898596,-0.7690936165267165,-0.32127174142867504,0.03585045181160473,-0.43583650521544587,-0.2856509907821922,-0.21520687450968998,-0.8077088357497748,-0.37100323313335587,-0.2653412557747625,-0.7005357817357701,-0.33683222026180987,-0.2365027457361188,-0.5853703111834268,-0.3153360846311622,-0.08397986460179563,-0.29291992329372113,-0.3159823132391176,-0.32556614463782435,-0.6533803062440073,-0.3920700024624665,-0.31641310980038934,-0.5341873202196589,-0.3279912041941689,-0.25086773977976,-0.4207340848999041,-0.2868412455981262,-0.20951782549321557,-0.17262239590899847,-0.3438217530508385,-0.37774275793939044,-0.4534285382223901,-0.4132380662100331,-0.3466124299038266,-0.383310137432083,-0.3832175095084031,-0.2788440305662899,-0.2947880407937938,-0.35885807231166894,coração
0.0,0.0,0.0,0.046595723043844614,-0.29663712700119127,-0.03490096172678355,-0.008856233837928931,-0.6347543365197431,-0.1169629696007993,-0.17078406020280676,-0.8680508179097539,-0.19049696079701048,-0.3081148850858587,-1.0,-0.26325330213995146,0.12935046633930905,-0.5885639364267659,-0.2479707382906909,-0.11886059214922857,-0.899333759479327,-0.3311406288970773,-0.22610802800941396,-0.8519994479472354,-0.3284135971976265,-0.24852107969898596,-0.7690936165267165,-0.32127174142867504,0.03585045181160473,-0.43583650521544587,-0.2856509907821922,-0.21520687450968998,-0.8077088357497748,-0.37100323313335587,-0.2653412557747625,-0.7005357817357701,-0.33683222026180987,-0.2365027457361188,-0.5853703111834268,-0.3153360846311622,-0.08397986460179563,-0.29291992329372113,-0.3159823132391176,-0.32556614463782435,-0.6533803062440073,-0.3920700024624665,-0.31641310980038934,-0.5341873202196589,-0.3279912041941689,-0.25086773977976,-0.4207340848999041,-0.2868412455981262,-0.20951782549321557,-0.17262239590899847,-0.3438217530508385,-0.37774275793939044,-0.4534285382223901,-0.4132380662100331,-0.3466124299038266,-0.383310137432083,-0.3832175095084031,-0.2788440305662899,-0.2947880407937938,-0.35885807231166894,coração
0.0,0.0,0.0,0.04524816030325353,-0.29138331942448126,-0.0308501698345472,-0.00734919796420776,-0.616036393629054,-0.11201209663825291,-0.15917332328442027,-0.8486693514973257,-0.1859214760181638,-0.2850129172709301,-1.0,-0.25990802376569544,0.1304938474976303,-0.5831706658373356,-0.24454066834488553,-0.1087339242556021,-0.8926567701283942,-0.32822066150948737,-0.21797134370960894,-0.8576911897070583,-0.327735664535754,-0.24779534795053268,-0.7797885463286427,-0.3217946573421272,0.04019259907856657,-0.43067588147797453,-0.284544921863162,-0.2011016784079705,-0.8050055265682451,-0.3700920907617569,-0.25843572714911084,-0.7086942514673708,-0.3385510791600425,-0.24112525308934665,-0.5959214885253044,-0.31873633190303946,-0.07794028386652826,-0.2867785853387866,-0.3167365915222236,-0.3114220848336455,-0.6481245519458058,-0.39322564136037663,-0.3077758235574211,-0.5344839109812475,-0.32815668699166844,-0.2505522632452656,-0.4189708346327412,-0.286141565533828,-0.20387805798552974,-0.1674618160147253,-0.3462374314203395,-0.36844656560601113,-0.4520423685914028,-0.41746082027506254,-0.34055038408325444,-0.3841294821341498,-0.3861950994675868,-0.27634916461731146,-0.2937625417605472,-0.36007245759765316,coração
0.0,0.0,0.0,0.04994800297566705,-0.27625899732821446,-0.029458063594460324,-0.004790812520832027,-0.6021002540346447,-0.10508680773381206,-0.15977309038624382,-0.8402340530433939,-0.1741858812452749,-0.2834374297711574,-1.0,-0.24245956717924763,0.13297194246567476,-0.5652470147964715,-0.23089839063352732,-0.10359487381774454,-0.8843351588605887,-0.3157808897881024,-0.19683420342687463,-0.8236010057377455,-0.3196405562556579,-0.20464968692490926,-0.7294878918153298,-0.3160172301576663,0.04102914533579048,-0.4199212251153271,-0.26923160562404297,-0.20168702091696206,-0.8013157911655491,-0.3553423817876755,-0.2557929285475593,-0.7015389376205722,-0.3310290761070345,-0.22964469009587768,-0.5854897799666516,-0.31512830177354867,-0.07757778873421141,-0.280878510406334,-0.3004850925106349,-0.31279321099876717,-0.6429202397506428,-0.3776137023892266,-0.3133422550007222,-0.5355912095240776,-0.321179179565326,-0.2529937042097231,-0.422177405932104,-0.28314011314871745,-0.20350559523413234,-0.16533182159313053,-0.3287858248979019,-0.3694396079457225,-0.4496333206132663,-0.4014438979234687,-0.34697766492428894,-0.38823082821351823,-0.37636660244307374,-0.2830226822463915,-0.29795416461233537,-0.35297069171365675,coração
0.0,0.0,0.0,0.04718733270189021,-0.282538489595896,-0.041550505832929505,-0.004805684164700761,-0.6068239979762444,-0.12722263150432808,-0.1631329383872315,-0.8486198457474659,-0.2023068504758602,-0.3003109171024997,-1.0,-0.2774757664135238,0.1513472093939911,-0.5544629988057489,-0.26973837591105587,-0.08850533294897665,-0.8811811320088716,-0.36384869191696245,-0.2008996593736947,-0.8388102199657609,-0.37288356199067657,-0.23170663191768492,-0.7508674498914585,-0.37277803549065597,0.06057838817279578,-0.40612068407645563,-0.3048196680848871,-0.18910525294003447,-0.8025908778039899,-0.3948800645409616,-0.26330545766879826,-0.7232911325383425,-0.37311031527486715,-0.25975388425765233,-0.6107976773874727,-0.3619411993148481,-0.06056191574352428,-0.26490504821127064,-0.3317519428685394,-0.310893276307352,-0.6351280437225337,-0.4093045811045775,-0.31754004859366636,-0.5359351927568375,-0.35568502215387127,-0.2607703213888611,-0.4177260987992776,-0.32275049564796765,-0.19148184208823338,-0.15046843470740848,-0.35644992381935153,-0.38140424518034366,-0.44487928062548165,-0.4311842323597178,-0.3735127749572011,-0.40374703643348375,-0.41028340373769534,-0.3165458198269218,-0.3218011130655779,-0.3920811855486036,coração
0.0,0.0,0.0,0.049662745248147754,-0.2828168662812683,-0.0376341168864379,0.0003232669519649532,-0.5959885292564815,-0.12383602700237589,-0.14805491830033354,-0.8369815000693035,-0.20279850306574398,-0.28159377485338977,-1.0,-0.28709479038517166,0.1399111927967391,-0.5580317259150794,-0.25734185784404673,-0.07667138508824276,-0.8810948791494461,-0.35784360194550885,-0.2001518846298825,-0.905874292816162,-0.3821665243983724,-0.2619482052179951,-0.8561451597203397,-0.39196766588059473,0.05410594633260222,-0.4140569688475025,-0.295577482669573,-0.18409335207942737,-0.8213298173691244,-0.38661794920269643,-0.29674381064152344,-0.796147441428798,-0.3757380051957622,-0.33768253480764193,-0.7202075188424113,-0.3721757140315212,-0.0643754286613982,-0.2732613523593329,-0.32578690642455044,-0.3072265115982112,-0.6577437312452461,-0.4005958806261431,-0.3242691991337881,-0.5687642784336235,-0.34875908288883234,-0.28135229653358246,-0.4482535884201651,-0.3165745832849914,-0.19535431598013808,-0.15318995850909042,-0.35432889621487695,-0.3805337971710703,-0.4641303020004124,-0.42435798276444486,-0.3703929039165989,-0.42999573413222036,-0.39915250564739396,-0.3098111519921363,-0.3408096416686017,-0.37736835765991017,coração
0.0,0.0,0.0,0.049662745248147754,-0.2828168662812683,-0.0376341168864379,0.0003232669519649532,-0.5959885292564815,-0.12383602700237589,-0.14805491830033354,-0.8369815000693035,-0.20279850306574398,-0.28159377485338977,-1.0,-0.28709479038517166,0.1399111927967391,-0.5580317259150794,-0.25734185784404673,-0.07667138508824276,-0.8810948791494461,-0.35784360194550885,-0.2001518846298825,-0.905874292816162,-0.3821665243983724,-0.2619482052179951,-0.8561451597203397,-0.39196766588059473,0.05410594633260222,-0.4140569688475025,-0.295577482669573,-0.18409335207942737,-0.8213298173691244,-0.38661794920269643,-0.29674381064152344,-0.796147441428798,-0.3757380051957622,-0.33768253480764193,-0.7202075188424113,-0.3721757140315212,-0.0643754286613982,-0.2732613523593329,-0.32578690642455044,-0.3072265115982112,-0.6577437312452461,-0.4005958806261431,-0.3242691991337881,-0.5687642784336235,-0.34875908288883234,-0.28135229653358246,-0.4482535884201651,-0.3165745832849914,-0.19535431598013808,-0.15318995850909042,-0.35432889621487695,-0.3805337971710703,-0.4641303020004124,-0.42435798276444486,-0.3703929039165989,-0.42999573413222036,-0.39915250564739396,-0.3098111519921363,-0.3408096416686017,-0.37736835765991017,coração
0.0,0.0,0.0,0.049662745248147754,-0.2828168662812683,-0.0376341168864379,0.0003232669519649532,-0.5959885292564815,-0.12383602700237589,-0.14805491830033354,-0.8369815000693035,-0.20279850306574398,-0.28159377485338977,-1.0,-0.28709479038517166,0.1399111927967391,-0.5580317259150794,-0.25734185784404673,-0.07667138508824276,-0.8810948791494461,-0.35784360194550885,-0.2001518846298825,-0.905874292816162,-0.3821665243983724,-0.2619482052179951,-0.8561451597203397,-0.39196766588059473,0.05410594633260222,-0.4140569688475025,-0.295577482669573,-0.18409335207942737,-0.8213298173691244,-0.38661794920269643,-0.29674381064152344,-0.796147441428798,-0.3757380051957622,-0.33768253480764193,-0.7202075188424113,-0.3721757140315212,-0.0643754286613982,-0.2732613523593329,-0.32578690642455044,-0.3072265115982112,-0.6577437312452461,-0.4005958806261431,-0.3242691991337881,-0.5687642784336235,-0.34875908288883234,-0.28135229653358246,-0.4482535884201651,-0.3165745832849914,-0.19535431598013808,-0.15318995850909042,-0.35432889621487695,-0.3805337971710703,-0.4641303020004124,-0.42435798276444486,-0.3703929039165989,-0.42999573413222036,-0.39915250564739396,-0.3098111519921363,-0.3408096416686017,-0.37736835765991017,coração
0.0,0.0,0.0,0.09302672053898321,-0.2716214317626353,-0.03899077647734656,0.07018660639439404,-0.5865527243334493,-0.12958933647819892,-0.07489248832242776,-0.8292168830263558,-0.21222618474903698,-0.22944023138080497,-0.9453952279876002,-0.2994950666962128,0.1820478703712733,-0.6126484369046317,-0.28707679976964723,-0.057092520177739636,-1.0,-0.39817061980302665,-0.13385930715057848,-0.9407025288133463,-0.4113748181308756,-0.12699524590169856,-0.8173105087495562,-0.40625927761449454,0.07975602153881382,-0.45247490852432976,-0.32665122345757497,-0.18290059589658797,-0.9085100634975326,-0.42658591013602304,-0.2378840560552361,-0.8340222676575764,-0.40385753337364233,-0.207355326500694,-0.7155163540186993,-0.38767466474140905,-0.0612156521544412,-0.2988322608350498,-0.3580648905059997,-0.31687927017385703,-0.724733265938762,-0.44525526283391875,-0.33416438857846215,-0.6526353408319726,-0.39130317257286773,-0.27674013252821017,-0.5385205483014293,-0.3524407530282975,-0.2137290976603682,-0.16822656566871413,-0.3865577423834948,-0.3944247425480421,-0.5102368597741451,-0.4578380207310203,-0.38278184276116933,-0.46659363782244023,-0.42273252800121874,-0.324037144304924,-0.36367280910758537,-0.39023121604633915,coração
0.0,0.0,0.0,0.09302672053898321,-0.2716214317626353,-0.03899077647734656,0.07018660639439404,-0.5865527243334493,-0.12958933647819892,-0.07489248832242776,-0.8292168830263558,-0.21222618474903698,-0.22944023138080497,-0.9453952279876002,-0.2994950666962128,0.1820478703712733,-0.6126484369046317,-0.28707679976964723,-0.057092520177739636,-1.0,-0.39817061980302665,-0.13385930715057848,-0.9407025288133463,-0.4113748181308756,-0.12699524590169856,-0.8173105087495562,-0.40625927761449454,0.07975602153881382,-0.45247490852432976,-0.32665122345757497,-0.18290059589658797,-0.9085100634975326,-0.42658591013602304,-0.2378840560552361,-0.8340222676575764,-0.40385753337364233,-0.207355326500694,-0.7155163540186993,-0.38767466474140905,-0.0612156521544412,-0.2988322608350498,-0.3580648905059997,-0.31687927017385703,-0.724733265938762,-0.44525526283391875,-0.33416438857846215,-0.6526353408319726,-0.39130317257286773,-0.27674013252821017,-0.5385205483014293,-0.3524407530282975,-0.2137290976603682,-0.16822656566871413,-0.3865577423834948,-0.3944247425480421,-0.5102368597741451,-0.4578380207310203,-0.38278184276116933,-0.46659363782244023,-0.42273252800121874,-0.324037144304924,-0.36367280910758537,-0.39023121604633915,coração
0.0,0.0,0.0,0.1094144920423827,-0.2663027869762877,-0.04192016926538141,0.11274385452666215,-0.5755486711595135,-0.13344263806877818,0.03648955898842444,-0.8249719597091978,-0.2175203191525938,-0.07065242064227521,-0.9774693232791284,-0.3066699551291696,0.20232162054900554,-0.639153472041312,-0.27269641527046373,-0.024855909598069912,-1.0,-0.37770299231125426,-0.11901140665849716,-0.9696127535362171,-0.39499432869532347,-0.13860714808153643,-0.8808593956574934,-0.3984237624335901,0.1186797884217071,-0.47983303884180295,-0.3137054117575559,-0.15257091187367394,-0.9099588145770785,-0.3989057723069617,-0.22836081170641664,-0.8234012478153143,-0.3689584732463786,-0.22423657430225521,-0.7227022297665281,-0.3514530006505254,-0.0041193558795766935,-0.32656618427983114,-0.34838711845570736,-0.2694697574093814,-0.7125756697329693,-0.41514688935599553,-0.2850379156150371,-0.6052986345887584,-0.3408205519525012,-0.22990304804022246,-0.4914103879819468,-0.2968010785746278,-0.13631494685402826,-0.18607248966377848,-0.3839014301908436,-0.33196677764541616,-0.49206711575608064,-0.44542304045610404,-0.3228555747254834,-0.42550101934369206,-0.3986836222589845,-0.2601867248240658,-0.3267321561157123,-0.36042357498304606,coração
0.0,0.0,0.0,0.07223885350512406,-0.24243888967714944,-0.03397451853436689,0.0608043221307637,-0.5067504367741618,-0.10556696692757386,-0.018468437472026054,-0.7126397479406609,-0.16738660058838378,-0.12997418632733979,-0.8462660756945303,-0.24488548848129024,0.13860416782114698,-0.5413699271626944,-0.2622204102273151,-0.04244169087776839,-0.8480200231038155,-0.3640665460624048,-0.20547141466111868,-0.9595473138008456,-0.4023982742874849,-0.33354108904590496,-1.0,-0.4195766370831562,0.07001220349139209,-0.40661284301767253,-0.2944129609518822,-0.15495663315172217,-0.7707858220275455,-0.38163452693872996,-0.32100175805786674,-0.8704705042709175,-0.3908049574649964,-0.42703374776893505,-0.8884588555390392,-0.40250016034804076,-0.03815463601747218,-0.26675376776707166,-0.3160055744294327,-0.2754642837786735,-0.5812844479168506,-0.3908191157072552,-0.3628754446144787,-0.6309205049712177,-0.3672761282389742,-0.3796162720526041,-0.6151607067063788,-0.3533569014677781,-0.16091009790196162,-0.1441561778957259,-0.3347217240513011,-0.3445021566199983,-0.38646764339254625,-0.40116239675354015,-0.3868144442083046,-0.42578949708096625,-0.37986634516760387,-0.3784528603607581,-0.4051810336795658,-0.359765789677342,coração
0.0,0.0,0.0,0.07223885350512406,-0.24243888967714944,-0.03397451853436689,0.0608043221307637,-0.5067504367741618,-0.10556696692757386,-0.018468437472026054,-0.7126397479406609,-0.16738660058838378,-0.12997418632733979,-0.8462660756945303,-0.24488548848129024,0.13860416782114698,-0.5413699271626944,-0.2622204102273151,-0.04244169087776839,-0.8480200231038155,-0.3640665460624048,-0.20547141466111868,-0.9595473138008456,-0.4023982742874849,-0.33354108904590496,-1.0,-0.4195766370831562,0.07001220349139209,-0.40661284301767253,-0.2944129609518822,-0.15495663315172217,-0.7707858220275455,-0.38163452693872996,-0.32100175805786674,-0.8704705042709175,-0.3908049574649964,-0.42703374776893505,-0.8884588555390392,-0.40250016034804076,-0.03815463601747218,-0.26675376776707166,-0.3160055744294327,-0.2754642837786735,-0.5812844479168506,-0.3908191157072552,-0.3628754446144787,-0.6309205049712177,-0.3672761282389742,-0.3796162720526041,-0.6151607067063788,-0.3533569014677781,-0.16091009790196162,-0.1441561778957259,-0.3347217240513011,-0.3445021566199983,-0.38646764339254625,-0.40116239675354015,-0.3868144442083046,-0.42578949708096625,-0.37986634516760387,-0.3784528603607581,-0.4051810336795658,-0.359765789677342,coração
0.0,0.0,0.0,-0.0690313720521502,-0.2880010121163881,-0.03382435488917753,-0.029293545381199004,-0.6296565448165623,-0.12683185391739232,0.11110990502238428,-0.8759317113394653,-0.21041050413816584,0.28915115288253856,-1.0,-0.2837353934987602,-0.22152341857282232,-0.40787523120253016,-0.34964486466607586,0.07731461267365104,-0.8725521259590823,-0.4659645583212028,0.22173284132399346,-0.9030969675997365,-0.46906734633877784,0.2505838665129278,-0.8365291669372569,-0.44866462956985464,-0.14390431008491258,-0.23013202242301936,-0.3908145188041216,0.21104704076669314,-0.7368516105994488,-0.4987162460084364,0.3291768188665382,-0.712273352274333,-0.4617647338320661,0.3174549465036226,-0.6282716222440274,-0.43259180772086697,-0.018038429355567456,-0.07567535094218715,-0.41746166897969794,0.3301977313845352,-0.57615717299124,-0.49552292335647435,0.39519018262075634,-0.5136524357138593,-0.4004147225374611,0.3559702047009138,-0.4118578193570628,-0.3329337853416411,0.12646092955628765,0.05478903418307067,-0.44352609894650286,0.37801190247375244,-0.3116962887256635,-0.4874127512686156,0.42339572159987005,-0.3024556735879732,-0.42098325571169054,0.3893982118403768,-0.24177491676896068,-0.3749099697264894,coração
0.0,0.0,0.0,-0.056589648759741665,-0.273338934688269,-0.015748767581236542,-0.02131456864961094,-0.6050753947486647,-0.07921128644312649,0.08892336643264347,-0.8512090780726342,-0.14323733795234536,0.1822052419595791,-1.0,-0.19919601136880388,-0.20333489933983204,-0.5451935151415273,-0.21486595734085623,0.00020212914185689402,-0.8820648077827099,-0.32572751580718073,0.14190507511984146,-0.9311218543561869,-0.3605032414428422,0.21797566145206276,-0.8997559547433286,-0.3663918261814698,-0.12143128846259302,-0.4090590316928945,-0.26310763275270704,0.10924797975756946,-0.8049432077880344,-0.3727053595884108,0.2100022672610257,-0.7748770405168371,-0.36132995252679695,0.22671496159329274,-0.6863405698074043,-0.33982634899970854,-0.0005704324565288509,-0.2788006174705267,-0.30509489789333,0.22686391789360888,-0.6659425996643528,-0.3738086779643805,0.2705047860621467,-0.5874448720618026,-0.2989751740680049,0.24136151122569116,-0.48135398455571304,-0.2374751219079794,0.14233045785216736,-0.16423723450293812,-0.3498039252528188,0.31799153372612265,-0.4834266402157703,-0.36885835876094003,0.3116572375905801,-0.4340588038092879,-0.3010510490361554,0.2607577339717161,-0.3347702781323036,-0.24885318761167022,coração
0.0,0.0,0.0,-0.056589648759741665,-0.273338934688269,-0.015748767581236542,-0.02131456864961094,-0.6050753947486647,-0.07921128644312649,0.08892336643264347,-0.8512090780726342,-0.14323733795234536,0.1822052419595791,-1.0,-0.19919601136880388,-0.20333489933983204,-0.5451935151415273,-0.21486595734085623,0.00020212914185689402,-0.8820648077827099,-0.32572751580718073,0.14190507511984146,-0.9311218543561869,-0.3605032414428422,0.21797566145206276,-0.8997559547433286,-0.3663918261814698,-0.12143128846259302,-0.4090590316928945,-0.26310763275270704,0.10924797975756946,-0.8049432077880344,-0.3727053595884108,0.2100022672610257,-0.7748770405168371,-0.36132995252679695,0.22671496159329274,-0.6863405698074043,-0.33982634899970854,-0.0005704324565288509,-0.2788006174705267,-0.30509489789333,0.22686391789360888,-0.6659425996643528,-0.3738086779643805,0.2705047860621467,-0.5874448720618026,-0.2989751740680049,0.24136151122569116,-0.48135398455571304,-0.2374751219079794,0.14233045785216736,-0.16423723450293812,-0.3498039252528188,0.31799153372612265,-0.4834266402157703,-0.36885835876094003,0.3116572375905801,-0.4340588038092879,-0.3010510490361554,0.2607577339717161,-0.3347702781323036,-0.24885318761167022,coração
0.0,0.0,0.0,-0.053544870782303425,-0.2762394076489338,-0.013041547755389411,-0.01858773139698093,-0.5994792023945863,-0.0809910609558458,0.08302737703234728,-0.8481841898701529,-0.14826756308229996,0.16269225409870694,-1.0,-0.20577459899121323,-0.22508614441500205,-0.5440090875358436,-0.225915031465463,-0.025615548943389216,-0.8664325850943274,-0.32918104725207775,0.1237035374739841,-0.913849570176568,-0.35144003944584207,0.209401351988636,-0.8863041228306723,-0.3491255505001529,-0.14365183578792942,-0.40771051409394377,-0.27319872380964083,0.07647329827456256,-0.7984665356103919,-0.3735864685537968,0.20622638556064796,-0.814926237524437,-0.3509325388919773,0.25705663856551664,-0.7683010607137503,-0.32443026922777185,-0.024289996879453383,-0.28256614047959033,-0.31282782199744674,0.2073623275411081,-0.6631987879848501,-0.3737464699629835,0.2726643839942166,-0.6153189480764816,-0.2921693093281564,0.26061325973101435,-0.5304733048622241,-0.228141678957261,0.11923259185384098,-0.17493162795007297,-0.35505236931411316,0.3069681992097384,-0.4892172153926153,-0.36321942267173685,0.31081353180143473,-0.4656571600505302,-0.29093985119625393,0.264756325980978,-0.3867989850991393,-0.23706985783690313,coração
0.0,0.0,0.0,-0.055135118841711364,-0.2827361942231976,-0.014410813984026511,-0.014609083327711455,-0.6152631828249002,-0.07952025377766293,0.09583605456140024,-0.8642161499562929,-0.14484824369560265,0.1666033188695576,-1.0,-0.19708425885601277,-0.22356430399478672,-0.5647732182355534,-0.2073833295955026,0.0013762356767712145,-0.8843656297053323,-0.31043674485036027,0.11979501437526106,-0.8679288858777953,-0.32855463347402414,0.14425484761362053,-0.7951748499676323,-0.3225682307628915,-0.14448020118188618,-0.4316769606836969,-0.2562326448507909,0.09347744957175645,-0.8108217080078027,-0.3589816354246961,0.1688686246111933,-0.7222003407575612,-0.33168044535690344,0.14676746813112995,-0.6016218280049893,-0.3000125275233981,-0.02538076858485136,-0.30871429330125755,-0.300699802080119,0.21265597122364116,-0.6854390016693388,-0.36212542535498,0.25041661702668216,-0.5802037655576496,-0.27646024477787395,0.20678012812139812,-0.46416792142193797,-0.21065913796171795,0.1173358615037255,-0.19900198512092301,-0.3484583055888884,0.3032258573842049,-0.5093148533838202,-0.3593608609835227,0.29268548249347265,-0.4461815488536393,-0.29038557021282785,0.2292460128925207,-0.3476123287061691,-0.2414505631866768,coração
0.0,0.0,0.0,-0.061047005221731544,-0.2819581961002416,-0.01050535166690408,-0.023584320008435956,-0.615141008862005,-0.076227028491229,0.08634849282419396,-0.8650445594750432,-0.14191865457261726,0.16388579202025536,-1.0,-0.19571384050804308,-0.21560059267120724,-0.5493472197773259,-0.2199471918981757,0.00351108367157942,-0.8643701932984613,-0.31421789279962664,0.123525798403915,-0.8551598083428082,-0.32211108102092423,0.15026389289284947,-0.7922903986867577,-0.31165776748487284,-0.1373174938069714,-0.4144265038663377,-0.26982800143239244,0.09090563777493745,-0.7899037547087285,-0.36376694053732517,0.170695076219819,-0.7134174774509695,-0.3288213646373978,0.15573032666365624,-0.6094115892903055,-0.2957191165233695,-0.019679856067183765,-0.2899550620975311,-0.31303527166103917,0.20829347089382858,-0.6734182654871069,-0.37041822774333166,0.251032384033254,-0.5771544071771383,-0.2825952852900958,0.2114375366557277,-0.4675913051834353,-0.217855033906568,0.12050610345327073,-0.17993642986180738,-0.3584569801290544,0.3032251796254674,-0.4963464036780311,-0.3697485033263721,0.29655876240908885,-0.44268185138602234,-0.301147264635612,0.2346056573624544,-0.34715698955455265,-0.25317148994364763,coração
0.0,0.0,0.0,-0.061047005221731544,-0.2819581961002416,-0.01050535166690408,-0.023584320008435956,-0.615141008862005,-0.076227028491229,0.08634849282419396,-0.8650445594750432,-0.14191865457261726,0.16388579202025536,-1.0,-0.19571384050804308,-0.21560059267120724,-0.5493472197773259,-0.2199471918981757,0.00351108367157942,-0.8643701932984613,-0.31421789279962664,0.123525798403915,-0.8551598083428082,-0.32211108102092423,0.15026389289284947,-0.7922903986867577,-0.31165776748487284,-0.1373174938069714,-0.4144265038663377,-0.26982800143239244,0.09090563777493745,-0.7899037547087285,-0.36376694053732517,0.170695076219819,-0.7134174774509695,-0.3288213646373978,0.15573032666365624,-0.6094115892903055,-0.2957191165233695,-0.019679856067183765,-0.2899550620975311,-0.31303527166103917,0.20829347089382858,-0.6734182654871069,-0.37041822774333166,0.251032384033254,-0.5771544071771383,-0.2825952852900958,0.2114375366557277,-0.4675913051834353,-0.217855033906568,0.12050610345327073,-0.17993642986180738,-0.3584569801290544,0.3032251796254674,-0.4963464036780311,-0.3697485033263721,0.29655876240908885,-0.44268185138602234,-0.301147264635612,0.2346056573624544,-0.34715698955455265,-0.25317148994364763,coração
0.0,0.0,0.0,-0.06190305416648594,-0.27988028905812795,-0.026994996063041288,-0.02719915255880904,-0.6281516775858647,-0.10605856684705486,0.08561744335258342,-0.880598879129257,-0.1806531653968274,0.1747700762139916,-1.0,-0.24340616442956242,-0.23511894749722392,-0.5557627376243507,-0.2545558062805754,0.002037921159617763,-0.8651872414117766,-0.35269645711625636,0.1183227068185657,-0.8352785479811737,-0.36331584875137146,0.14194604685540146,-0.768993779953742,-0.3564800394242289,-0.15397708819742784,-0.4072458478661105,-0.29857278049377783,0.09258069327826658,-0.7888567407578237,-0.3932058175118512,0.16494480806507864,-0.7129182239703282,-0.35581698862888883,0.14899068385951067,-0.601831491368844,-0.3237070709363324,-0.033780856475579824,-0.280195399514287,-0.3363374075113963,0.20711177781750745,-0.6651940824400325,-0.3887006477750086,0.23768722466183634,-0.5769501779196292,-0.30178266853012414,0.19609631180419426,-0.4665307629403868,-0.2422038889766176,0.1111506292159159,-0.17818269142272583,-0.3779741623109594,0.2984639070522891,-0.49376242801492753,-0.38409741154548716,0.2834173122446295,-0.4376257964596621,-0.3177315385438873,0.2185704296201008,-0.3408102951127906,-0.27486297550187244,coração
0.0,0.0,0.0,-0.058829819798970374,-0.28209717198370216,-0.007264324221970283,-0.025404997052451594,-0.6079768977969113,-0.07842836281907518,0.07746541768453806,-0.8545276531035783,-0.15009717332619701,0.15299831367627628,-1.0,-0.21142549496802954,-0.2374718046199669,-0.5407670815341631,-0.23425910262098265,-0.009472073250235365,-0.8441770279042478,-0.3230493133884585,0.13346995207429801,-0.8512762236714819,-0.32729901497617764,0.19743934605806676,-0.8079537409760502,-0.3169219517097088,-0.162455966162618,-0.39275403290247063,-0.28669221640108844,0.06878272451004584,-0.772662578786485,-0.3735587704139551,0.1658226223748114,-0.7200138327868537,-0.33236547519138,0.1744580823226375,-0.6273290056179673,-0.29876732461603334,-0.04542784455837699,-0.2645790788016025,-0.3306852472011928,0.18936037433237785,-0.647110531741634,-0.37746359281493286,0.23825749242282906,-0.5671611200600349,-0.28396820725038224,0.20589897021812695,-0.4616958734740289,-0.2204711107005117,0.0982602985502186,-0.1632789946874463,-0.37734575357760874,0.2870104028743439,-0.47623799471405853,-0.38141178200588066,0.28215415838401614,-0.4330051018851352,-0.3111184302288315,0.2209979976734501,-0.3430493520339756,-0.2646609291953434,coração
0.0,0.0,0.0,-0.06308665713379365,-0.28101547122932585,-0.023942575342722514,-0.031856295800911504,-0.6271013820758913,-0.09988505750362593,0.08165716668864434,-0.8775830076490866,-0.17232199065499754,0.17031681880838326,-1.0,-0.23165370245597539,-0.24756298175071717,-0.5438952188703975,-0.24828254941789415,-0.01655454718900861,-0.8580578282498177,-0.3461094991683642,0.09619224748017219,-0.8220498270438588,-0.353945193265544,0.10541078263476292,-0.7428361145809764,-0.3439897745595071,-0.17063411244880897,-0.3959022280778484,-0.2935069940860881,0.07290774270853922,-0.7781085551862099,-0.38798864840664493,0.14979392003313527,-0.6916665260286621,-0.3503646807730276,0.12572494123953473,-0.5763120882226493,-0.31825162526601997,-0.05018138011935447,-0.26894358165809634,-0.33277973374969533,0.19268426844257663,-0.6617315122284984,-0.3875414553076135,0.23326281410068098,-0.5609924618983041,-0.2998365445431425,0.18958026849749698,-0.4435943870275886,-0.23897096077004132,0.09482374434813999,-0.1665324646385999,-0.37571306017984796,0.2869547333460527,-0.4848136698996245,-0.3865668339361098,0.2781889333813505,-0.4265041520629593,-0.32291946022927626,0.21233287556854702,-0.32780187375589,-0.28152431429994557,coração
0.0,0.0,0.0,-0.062215465221945175,-0.27850954377160175,-0.018863127328311257,-0.028087315756092884,-0.6113479637796172,-0.09339164483097395,0.08224031818585391,-0.8604318246695203,-0.1649640068918952,0.16602586391994134,-1.0,-0.22292940658563706,-0.2380372737862072,-0.5382334162355011,-0.2467380224920292,-0.013475499172805919,-0.8487515683437052,-0.34006576573608027,0.10565360712861957,-0.8243526503284192,-0.3406916883042057,0.12347034534866487,-0.7496018962677046,-0.3248439797396961,-0.16176569944326671,-0.39896442446428704,-0.2930474846938405,0.07838835638994604,-0.7766437320902843,-0.38413191720898804,0.16086652161440268,-0.6949856510036869,-0.3412938403176106,0.14183649466382883,-0.585497061046817,-0.30512863920704464,-0.04175863902254913,-0.27647390704085956,-0.3324466662368537,0.197463695960456,-0.6651298342746638,-0.3843158913981274,0.2432869583488237,-0.5655989843747513,-0.2915821113528713,0.20090165392831408,-0.44954292972794385,-0.2274337498409367,0.10091392830701652,-0.1760167129638309,-0.37508658442652787,0.29209498175999027,-0.4888117446349115,-0.3847131284956153,0.28667189949017113,-0.43249250891484237,-0.3182185389497779,0.2218116770727694,-0.33571677950016043,-0.2741228511477159,coração
0.0,0.0,0.0,-0.062215465221945175,-0.27850954377160175,-0.018863127328311257,-0.028087315756092884,-0.6113479637796172,-0.09339164483097395,0.08224031818585391,-0.8604318246695203,-0.1649640068918952,0.16602586391994134,-1.0,-0.22292940658563706,-0.2380372737862072,-0.5382334162355011,-0.2467380224920292,-0.013475499172805919,-0.8487515683437052,-0.34006576573608027,0.10565360712861957,-0.8243526503284192,-0.3406916883042057,0.12347034534866487,-0.7496018962677046,-0.3248439797396961,-0.16176569944326671,-0.39896442446428704,-0.2930474846938405,0.07838835638994604,-0.7766437320902843,-0.38413191720898804,0.16086652161440268,-0.6949856510036869,-0.3412938403176106,0.14183649466382883,-0.585497061046817,-0.30512863920704464,-0.04175863902254913,-0.27647390704085956,-0.3324466662368537,0.197463695960456,-0.6651298342746638,-0.3843158913981274,0.2432869583488237,-0.5655989843747513,-0.2915821113528713,0.20090165392831408,-0.44954292972794385,-0.2274337498409367,0.10091392830701652,-0.1760167129638309,-0.37508658442652787,0.29209498175999027,-0.4888117446349115,-0.3847131284956153,0.28667189949017113,-0.43249250891484237,-0.3182185389497779,0.2218116770727694,-0.33571677950016043,-0.2741228511477159,coração
0.0,0.0,0.0,-0.06384252853804896,-0.2802461044520308,-0.013315563646318005,-0.02924775567499408,-0.6052327082128325,-0.08733742077591689,0.0777759471295093,-0.8514056112464577,-0.15948615129677723,0.15508813521550727,-1.0,-0.21840827407295954,-0.2448906715701288,-0.5402223131791557,-0.2463816547518031,-0.019175379588106937,-0.8436954246733809,-0.3361329578405251,0.10170020252538006,-0.8280684386844194,-0.3309771555191822,0.1273544905257653,-0.7602271957373923,-0.31149637107348976,-0.1680753481762357,-0.399299056132062,-0.2962436608897163,0.06811476699502618,-0.7736595501887232,-0.38676020839471226,0.1485607231785454,-0.6954092754048408,-0.339072011531308,0.13330545833055704,-0.5881690910546717,-0.29933473459898796,-0.049742181887612695,-0.2756565277059983,-0.33858998488888986,0.1893833474528108,-0.660157708870746,-0.3888396000794692,0.23175703785494434,-0.5616466371660109,-0.29153940421721336,0.19086365288146526,-0.4456081892596037,-0.2245681119238724,0.09200619670550503,-0.1736772718593868,-0.38389184541234267,0.2819489806259865,-0.4843772134590629,-0.3915922682687624,0.2747411880182469,-0.43171949478960486,-0.32347190200970355,0.21169375497284637,-0.3358417569594652,-0.27863131585634754,coração
0.0,0.0,0.0,-0.05428387541317983,-0.2857778309113167,-0.03342488114211242,-0.026740099926454992,-0.6208366343621831,-0.11624437100865227,0.08599744081663356,-0.8638643003894464,-0.19625380378949991,0.17995413030224658,-1.0,-0.26636105911728775,-0.24162748491454636,-0.5333575574247418,-0.24689549401416475,-0.02279819009188485,-0.8337864845362238,-0.35218092316777105,0.11316441762647587,-0.8337562852305032,-0.37095796487980015,0.15903764786750652,-0.7920154420963638,-0.3695140778911433,-0.16217775228229867,-0.38356539929785227,-0.29164752308196623,0.06957407481032966,-0.7666160251091989,-0.39771576187646535,0.15023905243998614,-0.6791595283865854,-0.365596098928423,0.13609365608171767,-0.5657217931904445,-0.3326149245937878,-0.042606302595103916,-0.2558558600990842,-0.3321302118840775,0.18480084181257342,-0.6390271446043884,-0.3969869958325647,0.225299773131179,-0.5384185731825455,-0.31010847641863626,0.18237423062766486,-0.4203445519136455,-0.24511312891259326,0.09821818555090668,-0.15516666484270247,-0.3772762691638487,0.27148351595832443,-0.47046307033570683,-0.3905206041273443,0.2641594916764203,-0.4074583142221137,-0.32195044843884096,0.20387295013554363,-0.30372937875733735,-0.274374992079539,coração
0.0,0.0,0.0,-0.05428387541317983,-0.2857778309113167,-0.03342488114211242,-0.026740099926454992,-0.6208366343621831,-0.11624437100865227,0.08599744081663356,-0.8638643003894464,-0.19625380378949991,0.17995413030224658,-1.0,-0.26636105911728775,-0.24162748491454636,-0.5333575574247418,-0.24689549401416475,-0.02279819009188485,-0.8337864845362238,-0.35218092316777105,0.11316441762647587,-0.8337562852305032,-0.37095796487980015,0.15903764786750652,-0.7920154420963638,-0.3695140778911433,-0.16217775228229867,-0.38356539929785227,-0.29164752308196623,0.06957407481032966,-0.7666160251091989,-0.39771576187646535,0.15023905243998614,-0.6791595283865854,-0.365596098928423,0.13609365608171767,-0.5657217931904445,-0.3326149245937878,-0.042606302595103916,-0.2558558600990842,-0.3321302118840775,0.18480084181257342,-0.6390271446043884,-0.3969869958325647,0.225299773131179,-0.5384185731825455,-0.31010847641863626,0.18237423062766486,-0.4203445519136455,-0.24511312891259326,0.09821818555090668,-0.15516666484270247,-0.3772762691638487,0.27148351595832443,-0.47046307033570683,-0.3905206041273443,0.2641594916764203,-0.4074583142221137,-0.32195044843884096,0.20387295013554363,-0.30372937875733735,-0.274374992079539,coração
0.0,0.0,0.0,-0.06414177489383295,-0.2562517178866911,-0.023666928183030116,-0.051811535743526226,-0.5686709250996282,-0.10450268984077925,0.03940449910410244,-0.8163953423566238,-0.18416566698540765,0.12559841700627003,-1.0,-0.25560680551330367,-0.2547436346218294,-0.49478354883683984,-0.25643537728041094,-0.06866829204285856,-0.8151965701217394,-0.3726937568007294,0.07543034752984899,-0.8731551231751271,-0.39971539218936347,0.1419396793024623,-0.8464465655504603,-0.39796104497606644,-0.17272530591365534,-0.36390000176999926,-0.3054956612614348,0.0474762077721692,-0.7717659077953255,-0.4192121536026772,0.16501871445099084,-0.7483631529450521,-0.39492374085171944,0.1941616793402028,-0.6632329168373887,-0.3629556523295211,-0.04602744142509224,-0.24962489912101252,-0.3470561584469165,0.17833320484991502,-0.6458458190203537,-0.4122046752826084,0.2338212192486397,-0.5615372429057771,-0.3214625906535307,0.20503752032756398,-0.4397504681355515,-0.2506064661415422,0.10088600897492028,-0.1587617670209932,-0.392570080661446,0.26875369085075673,-0.47604466893041286,-0.40594173033441305,0.2681855357122221,-0.42848771408397196,-0.3304590508012657,0.22005369680439066,-0.32088492357040743,-0.27291290026443665,coração
0.0,0.0,0.0,-0.06903238305565076,-0.2570335246663797,-0.02697087095427008,-0.058367431181614395,-0.5786969705192779,-0.10539975128673693,0.037997624093602765,-0.8284079484683378,-0.1835064555143269,0.1308202813562644,-1.0,-0.2531141545044903,-0.25946203013046243,-0.4933987443591502,-0.2459410749833586,-0.07638708577234528,-0.828573966546557,-0.364431185667655,0.056215016255148686,-0.8731608059690265,-0.3957680800717909,0.11079582388144592,-0.8341663458948102,-0.396366567241147,-0.18121324294635965,-0.36090278623004446,-0.2924451794929756,0.03569315930584073,-0.7727403844649856,-0.4077459352098867,0.13997215523257772,-0.7371687195459223,-0.38837078156859445,0.15456894191702575,-0.6426922108493615,-0.3598665979057482,-0.055792259439841035,-0.24643164802188586,-0.33337441948884045,0.1690358678347685,-0.6529016678996771,-0.4032491878765248,0.21606612670293115,-0.556160271029969,-0.3194349756377623,0.1801733382969004,-0.42727102291216806,-0.2517836454670176,0.09064936276194135,-0.15687064216185512,-0.3784210460516893,0.2628256058659527,-0.48073568270496847,-0.3957408347736782,0.2603843689541538,-0.42909853129291636,-0.326910517981066,0.2095807999874286,-0.32054409696968994,-0.27437028860693885,coração
0.0,0.0,0.0,-0.06903238305565076,-0.2570335246663797,-0.02697087095427008,-0.058367431181614395,-0.5786969705192779,-0.10539975128673693,0.037997624093602765,-0.8284079484683378,-0.1835064555143269,0.1308202813562644,-1.0,-0.2531141545044903,-0.25946203013046243,-0.4933987443591502,-0.2459410749833586,-0.07638708577234528,-0.828573966546557,-0.364431185667655,0.056215016255148686,-0.8731608059690265,-0.3957680800717909,0.11079582388144592,-0.8341663458948102,-0.396366567241147,-0.18121324294635965,-0.36090278623004446,-0.2924451794929756,0.03569315930584073,-0.7727403844649856,-0.4077459352098867,0.13997215523257772,-0.7371687195459223,-0.38837078156859445,0.15456894191702575,-0.6426922108493615,-0.3598665979057482,-0.055792259439841035,-0.24643164802188586,-0.33337441948884045,0.1690358678347685,-0.6529016678996771,-0.4032491878765248,0.21606612670293115,-0.556160271029969,-0.3194349756377623,0.1801733382969004,-0.42727102291216806,-0.2517836454670176,0.09064936276194135,-0.15687064216185512,-0.3784210460516893,0.2628256058659527,-0.48073568270496847,-0.3957408347736782,0.2603843689541538,-0.42909853129291636,-0.326910517981066,0.2095807999874286,-0.32054409696968994,-0.27437028860693885,coração
0.0,0.0,0.0,-0.06758359941201687,-0.2588336690229097,-0.030438371446708697,-0.06247077744061397,-0.579406911455318,-0.1176774053484282,0.03022746036664104,-0.8242890999246146,-0.2040197575126449,0.11858863120504023,-1.0,-0.2824737005165539,-0.2659300557223518,-0.4955320832400516,-0.26308858988475614,-0.06317006324219694,-0.826353693600694,-0.3843754701095442,0.07252741174179722,-0.8621728241316765,-0.41865075250551936,0.1159454728999655,-0.8243333518962381,-0.4240613035360035,-0.18149789186447685,-0.34945408241256964,-0.3122448124258284,0.05278079165431735,-0.7522410596254205,-0.43194716185419685,0.13357644509410457,-0.6837155360674125,-0.4082794582811118,0.11406738035429234,-0.5698312930956833,-0.3788876650035992,-0.053984415382493635,-0.22566188279431765,-0.3558167276728378,0.17430096647950524,-0.6398005372279055,-0.4250604113953256,0.220618952028097,-0.5433780325588367,-0.3347101069574583,0.1825693576773994,-0.4142340353724248,-0.26667800783304185,0.0923955005013853,-0.13031174093759612,-0.40405163836720126,0.26539036106843095,-0.4638647145467518,-0.4218363338377653,0.26505338828451475,-0.4099966100896738,-0.3515692858965098,0.213962618296471,-0.30162667108189717,-0.3005414366806181,coração
0.0,0.0,0.0,-0.0784181988961392,-0.26343759690053914,-0.025209281741128,-0.06995797883984223,-0.5769779201466088,-0.111772534927943,0.024578516799609967,-0.8188810005806026,-0.19666732566799092,0.11468962251035081,-1.0,-0.2751442253330047,-0.27629555196619315,-0.4726554261099362,-0.2749658247292684,-0.05711479315891142,-0.8050802162207782,-0.3939249297346958,0.11583198920629251,-0.887526689446182,-0.4293127899786393,0.2231601283881515,-0.8867625998487645,-0.43691928685012943,-0.1935958892883907,-0.3239831824934564,-0.32577088806619237,0.047719806686838936,-0.7469928289362389,-0.4399377421759432,0.1678465219794442,-0.736039370959848,-0.41293271342650695,0.19957116036499972,-0.6551546848149249,-0.38390371381495686,-0.06551555890629691,-0.20088864976551718,-0.3682543073596054,0.16968802312162248,-0.6202534230498101,-0.4304197779698485,0.2257471820428395,-0.5586668972499179,-0.333136553541889,0.20181218843474286,-0.4478638081878907,-0.2631625996532645,0.08489510157531313,-0.10866529597733954,-0.41541626835712664,0.26519726359471,-0.44593354002936547,-0.4288000436605301,0.27091015203047014,-0.4064183526183067,-0.34950581679449183,0.22766923661496252,-0.30018231901192816,-0.2918485690015164,coração
0.0,0.0,0.0,-0.0784181988961392,-0.26343759690053914,-0.025209281741128,-0.06995797883984223,-0.5769779201466088,-0.111772534927943,0.024578516799609967,-0.8188810005806026,-0.19666732566799092,0.11468962251035081,-1.0,-0.2751442253330047,-0.27629555196619315,-0.4726554261099362,-0.2749658247292684,-0.05711479315891142,-0.8050802162207782,-0.3939249297346958,0.11583198920629251,-0.887526689446182,-0.4293127899786393,0.2231601283881515,-0.8867625998487645,-0.43691928685012943,-0.1935958892883907,-0.3239831824934564,-0.32577088806619237,0.047719806686838936,-0.7469928289362389,-0.4399377421759432,0.1678465219794442,-0.736039370959848,-0.41293271342650695,0.19957116036499972,-0.6551546848149249,-0.38390371381495686,-0.06551555890629691,-0.20088864976551718,-0.3682543073596054,0.16968802312162248,-0.6202534230498101,-0.4304197779698485,0.2257471820428395,-0.5586668972499179,-0.333136553541889,0.20181218843474286,-0.4478638081878907,-0.2631625996532645,0.08489510157531313,-0.10866529597733954,-0.41541626835712664,0.26519726359471,-0.44593354002936547,-0.4288000436605301,0.27091015203047014,-0.4064183526183067,-0.34950581679449183,0.22766923661496252,-0.30018231901192816,-0.2918485690015164,coração
0.0,0.0,0.0,-0.07643492747031148,-0.254384662938674,-0.01738368620390848,-0.07513818028707703,-0.5635232206251592,-0.09263859802904299,0.007675360465722135,-0.8132234838190003,-0.1696508638618635,0.08564565575259497,-1.0,-0.23879863826150977,-0.29062521563165816,-0.4899368137632495,-0.22923860429556303,-0.08741527876156666,-0.8109103634159153,-0.3471295189680916,0.0829763998631223,-0.8876287629044546,-0.3871526910101181,0.19560097335250373,-0.8893859232837128,-0.3964922702097779,-0.2127394831599596,-0.36010803762165144,-0.2813591524259573,-0.0019300881678244472,-0.7829777376595323,-0.3966137632468996,0.1309635091385577,-0.7950439571736164,-0.38226917083121953,0.18511053718862788,-0.7357566224442808,-0.3579832724727661,-0.08923179505522283,-0.24844780411280862,-0.3265221734800564,0.13261801124593908,-0.6513313890692176,-0.39161015823762657,0.1876422112788911,-0.569474443159847,-0.3012372228447439,0.15939809019000933,-0.4501894742178468,-0.22978132717596544,0.05767747277584306,-0.16159510394678106,-0.37626387315743626,0.2293735029002018,-0.4832765591313054,-0.38719039574577657,0.2295866349914029,-0.43434010727719,-0.3087676436310021,0.17848246008085922,-0.3266611558842623,-0.24844119314284724,coração
0.0,0.0,0.0,-0.07600981828799817,-0.2538982576478693,-0.017201384959214704,-0.07685595978238238,-0.5641888684754753,-0.09424714883699116,0.0028349894602759766,-0.8131742430374569,-0.17353025199375674,0.07200574102156976,-1.0,-0.2438045707892667,-0.2960813885638922,-0.5115277084681107,-0.23282074365528158,-0.09373987547040655,-0.8216011752919206,-0.35319545000713837,0.06742501347975413,-0.8907043463214206,-0.38988053075306406,0.1670695994309387,-0.8901328199797964,-0.39599875001436036,-0.22697600177925137,-0.3827570211914129,-0.28608093652707267,-0.0174051028425438,-0.7961029575553408,-0.40447020509868403,0.13735736162834183,-0.8326901988633315,-0.3917452271887241,0.2160424272794356,-0.8023977794255918,-0.3691191128110283,-0.10899929642850045,-0.26895514473762655,-0.33221249117219903,0.11257434810579593,-0.66422965914277,-0.40379986992625083,0.1704968879372836,-0.5726790882361474,-0.3130630350950786,0.14148877557301678,-0.4502133322125305,-0.2394973851438148,0.03266826288743777,-0.1768388638466243,-0.3826521489238903,0.21200289793075475,-0.4905001921821373,-0.39945259296122054,0.21567371177554068,-0.43980274516828627,-0.3213870039778443,0.16465553420506218,-0.33274964341921764,-0.2594321879336444,coração
0.0,0.0,0.0,-0.07600981828799817,-0.2538982576478693,-0.017201384959214704,-0.07685595978238238,-0.5641888684754753,-0.09424714883699116,0.0028349894602759766,-0.8131742430374569,-0.17353025199375674,0.07200574102156976,-1.0,-0.2438045707892667,-0.2960813885638922,-0.5115277084681107,-0.23282074365528158,-0.09373987547040655,-0.8216011752919206,-0.35319545000713837,0.06742501347975413,-0.8907043463214206,-0.38988053075306406,0.1670695994309387,-0.8901328199797964,-0.39599875001436036,-0.22697600177925137,-0.3827570211914129,-0.28608093652707267,-0.0174051028425438,-0.7961029575553408,-0.40447020509868403,0.13735736162834183,-0.8326901988633315,-0.3917452271887241,0.2160424272794356,-0.8023977794255918,-0.3691191128110283,-0.10899929642850045,-0.26895514473762655,-0.33221249117219903,0.11257434810579593,-0.66422965914277,-0.40379986992625083,0.1704968879372836,-0.5726790882361474,-0.3130630350950786,0.14148877557301678,-0.4502133322125305,-0.2394973851438148,0.03266826288743777,-0.1768388638466243,-0.3826521489238903,0.21200289793075475,-0.4905001921821373,-0.39945259296122054,0.21567371177554068,-0.43980274516828627,-0.3213870039778443,0.16465553420506218,-0.33274964341921764,-0.2594321879336444,coração
0.0,0.0,0.0,-0.07860727450978247,-0.25938897466001265,-0.010132011476257474,-0.06940239471032277,-0.5733017591043525,-0.09020197931983648,0.020295227429641845,-0.8247784843713585,-0.17193001903235305,0.09418777238106597,-1.0,-0.2456265015895702,-0.29277627359177005,-0.5164696514288277,-0.24291787260116735,-0.08429219492499981,-0.8206496168747969,-0.34626968129897934,0.08164607065522451,-0.8819201066601308,-0.3671091237733018,0.19052710215541435,-0.8776738889478527,-0.36588296446805885,-0.22630011182463447,-0.382653203578826,-0.2972876260344134,-0.011235120594443126,-0.7918956682725501,-0.3948825210538405,0.12145644747798247,-0.7817482939084023,-0.3601383431563843,0.17395418800762857,-0.7180018239889007,-0.3280218595268762,-0.10941833956830439,-0.2686478793256821,-0.3427482516177452,0.12016087647754589,-0.6675772022176729,-0.3921813119363031,0.17592288148667679,-0.572720752441924,-0.28743321689411727,0.14300553050503811,-0.44622173336936816,-0.2134073707142634,0.031564951292821886,-0.18285379312004954,-0.39276009605676737,0.2152137305770348,-0.4972973889713775,-0.3951078184231167,0.2193253648251345,-0.4452622790998445,-0.31398107034257233,0.16376407245185906,-0.3416090766151931,-0.25648642290748147,coração
0.0,0.0,0.0,-0.07209070790511071,-0.2676536626815745,-0.018458642998599655,-0.06798333360223294,-0.5823669081385155,-0.09821340151330578,0.014076289508075055,-0.832789618323895,-0.1784197433089098,0.09597289223041469,-1.0,-0.24732535215140455,-0.298683400289336,-0.509512995918104,-0.23910193153325812,-0.08680697848265329,-0.8190449492586438,-0.3441507737859915,0.0636163367268464,-0.8453523391576989,-0.3623512774349592,0.13234109377604966,-0.8146942880345052,-0.35911574288942644,-0.2285464497184621,-0.37556778152444564,-0.29177064250920237,-0.012447026777023066,-0.7765296354259101,-0.3969137844935739,0.10176243526241913,-0.7239151245274089,-0.36694774651419315,0.12068987539192118,-0.6267741996203138,-0.3358812704973493,-0.11062879484573229,-0.2637640298371006,-0.33776807182894014,0.11289487907584582,-0.6571209994460668,-0.3956862913908489,0.1738136149250039,-0.5572354162297048,-0.30012575671086633,0.1396036016413632,-0.43365009707275887,-0.23089429196091607,0.02835553099605793,-0.1809925622368145,-0.3885424690904665,0.2094896016521192,-0.48951466309567987,-0.39994848464361993,0.21624852777464063,-0.433268394077755,-0.32848303555438285,0.16031593015063755,-0.33299922556912603,-0.2776662697982103,coração
0.0,0.0,0.0,-0.07209070790511071,-0.2676536626815745,-0.018458642998599655,-0.06798333360223294,-0.5823669081385155,-0.09821340151330578,0.014076289508075055,-0.832789618323895,-0.1784197433089098,0.09597289223041469,-1.0,-0.24732535215140455,-0.298683400289336,-0.509512995918104,-0.23910193153325812,-0.08680697848265329,-0.8190449492586438,-0.3441507737859915,0.0636163367268464,-0.8453523391576989,-0.3623512774349592,0.13234109377604966,-0.8146942880345052,-0.35911574288942644,-0.2285464497184621,-0.37556778152444564,-0.29177064250920237,-0.012447026777023066,-0.7765296354259101,-0.3969137844935739,0.10176243526241913,-0.7239151245274089,-0.36694774651419315,0.12068987539192118,-0.6267741996203138,-0.3358812704973493,-0.11062879484573229,-0.2637640298371006,-0.33776807182894014,0.11289487907584582,-0.6571209994460668,-0.3956862913908489,0.1738136149250039,-0.5572354162297048,-0.30012575671086633,0.1396036016413632,-0.43365009707275887,-0.23089429196091607,0.02835553099605793,-0.1809925622368145,-0.3885424690904665,0.2094896016521192,-0.48951466309567987,-0.39994848464361993,0.21624852777464063,-0.433268394077755,-0.32848303555438285,0.16031593015063755,-0.33299922556912603,-0.2776662697982103,coração
0.0,0.0,0.0,-0.06062607052588014,-0.25299584307601325,-0.017787804552974053,-0.05381558128855717,-0.5678691978010908,-0.09015817116571505,0.026613438090254796,-0.8184964769080952,-0.165100349130915,0.09821719407134992,-1.0,-0.23294654067642956,-0.26844357845993894,-0.5168473800072345,-0.22090328834920245,-0.061027891870386264,-0.8237554341873737,-0.33603330362436434,0.10068791360784418,-0.8913472817480306,-0.3714228400888721,0.20304772138535418,-0.8857450194201842,-0.37647915104305185,-0.19697987903703998,-0.3870988994827471,-0.27075527612510575,0.020342559780488798,-0.7907165384196321,-0.3774938703709844,0.15222143019778084,-0.7896893153069138,-0.35695047076121583,0.20299033857698853,-0.7318300171029106,-0.32914262014127604,-0.07871412352435858,-0.2675607333267874,-0.314776834066936,0.1450492167388344,-0.660724358067024,-0.3809845161939481,0.20296844809824163,-0.5734261206260308,-0.2922832159561849,0.17926722295403014,-0.45647882368926684,-0.22056320665591939,0.06525062897933837,-0.1684437626516695,-0.36275144762914313,0.24221021292138994,-0.4842282996992149,-0.37724545948513977,0.24746803671309572,-0.43724793184565924,-0.3019682828099904,0.20099816332507445,-0.332502628628524,-0.24280341945120884,coração
0.0,0.0,0.0,-0.06062607052588014,-0.25299584307601325,-0.017787804552974053,-0.05381558128855717,-0.5678691978010908,-0.09015817116571505,0.026613438090254796,-0.8184964769080952,-0.165100349130915,0.09821719407134992,-1.0,-0.23294654067642956,-0.26844357845993894,-0.5168473800072345,-0.22090328834920245,-0.061027891870386264,-0.8237554341873737,-0.33603330362436434,0.10068791360784418,-0.8913472817480306,-0.3714228400888721,0.20304772138535418,-0.8857450194201842,-0.37647915104305185,-0.19697987903703998,-0.3870988994827471,-0.27075527612510575,0.020342559780488798,-0.7907165384196321,-0.3774938703709844,0.15222143019778084,-0.7896893153069138,-0.35695047076121583,0.20299033857698853,-0.7318300171029106,-0.32914262014127604,-0.07871412352435858,-0.2675607333267874,-0.314776834066936,0.1450492167388344,-0.660724358067024,-0.3809845161939481,0.20296844809824163,-0.5734261206260308,-0.2922832159561849,0.17926722295403014,-0.45647882368926684,-0.22056320665591939,0.06525062897933837,-0.1684437626516695,-0.36275144762914313,0.24221021292138994,-0.4842282996992149,-0.37724545948513977,0.24746803671309572,-0.43724793184565924,-0.3019682828099904,0.20099816332507445,-0.332502628628524,-0.24280341945120884,coração
0.0,0.0,0.0,-0.07110343513123174,-0.2601573787811655,-0.02716677940302134,-0.062212493533311326,-0.5906475774433745,-0.10474346453873043,0.03499707115243127,-0.8429578579385892,-0.18274739158239697,0.12956295595342324,-1.0,-0.2511580050911476,-0.27346947511819136,-0.5089341135245488,-0.231313406554392,-0.08089217807684428,-0.832382119163545,-0.3499003915799217,0.06551503671652235,-0.8666118511816367,-0.3863383348838976,0.12774289159303537,-0.8229058448673239,-0.391670577440526,-0.19624101379623346,-0.3744070412320292,-0.2779013027769431,0.021174191953306176,-0.7758030160359318,-0.39253681887220904,0.13487404936218392,-0.7280984011244211,-0.3749743262343694,0.1498038189027225,-0.6253396058090048,-0.34776862299717376,-0.07243048045767775,-0.2559852088465612,-0.32013047246795,0.15218533671700285,-0.6511948576920797,-0.38966406568706,0.212654281395637,-0.5607723130062237,-0.30684567709633004,0.18141324066245101,-0.43823218459121865,-0.2392456110498345,0.07352739684639632,-0.1624117687400015,-0.3668347436057043,0.25222189816987434,-0.48296135828636716,-0.3814404324862322,0.25690907351589404,-0.44052764976253983,-0.3118629393147497,0.2048007764831377,-0.3397503949175649,-0.258749930353772,coração
0.0,0.0,0.0,-0.07110343513123174,-0.2601573787811655,-0.02716677940302134,-0.062212493533311326,-0.5906475774433745,-0.10474346453873043,0.03499707115243127,-0.8429578579385892,-0.18274739158239697,0.12956295595342324,-1.0,-0.2511580050911476,-0.27346947511819136,-0.5089341135245488,-0.231313406554392,-0.08089217807684428,-0.832382119163545,-0.3499003915799217,0.06551503671652235,-0.8666118511816367,-0.3863383348838976,0.12774289159303537,-0.8229058448673239,-0.391670577440526,-0.19624101379623346,-0.3744070412320292,-0.2779013027769431,0.021174191953306176,-0.7758030160359318,-0.39253681887220904,0.13487404936218392,-0.7280984011244211,-0.3749743262343694,0.1498038189027225,-0.6253396058090048,-0.34776862299717376,-0.07243048045767775,-0.2559852088465612,-0.32013047246795,0.15218533671700285,-0.6511948576920797,-0.38966406568706,0.212654281395637,-0.5607723130062237,-0.30684567709633004,0.18141324066245101,-0.43823218459121865,-0.2392456110498345,0.07352739684639632,-0.1624117687400015,-0.3668347436057043,0.25222189816987434,-0.48296135828636716,-0.3814404324862322,0.25690907351589404,-0.44052764976253983,-0.3118629393147497,0.2048007764831377,-0.3397503949175649,-0.258749930353772,coração
0.0,0.0,0.0,-0.05976839548636044,-0.25280746962441253,-0.021922808647909513,-0.04176096729189273,-0.5678399358252936,-0.09515960737136672,0.050338912241505995,-0.8197249635576366,-0.1687026427265416,0.11762885859806906,-1.0,-0.23301312610138597,-0.2649048049699251,-0.5015030867394286,-0.2253438767827904,-0.06136310079502396,-0.8172259593360921,-0.3311940838977578,0.07617062185930085,-0.8532315009387775,-0.35484123284327534,0.13971157529023553,-0.8265153037072154,-0.35305616527979405,-0.18893083632182725,-0.3780667369678146,-0.27144242374564875,0.02599214638395132,-0.7698463685888725,-0.3709720096616919,0.13696545117974548,-0.7368251732793539,-0.3439575307301396,0.163036564706831,-0.6584625180647767,-0.31401966869602665,-0.06937798776982468,-0.27173233475117353,-0.31246361279896756,0.14909538827713295,-0.6550603966569649,-0.37029063999883854,0.1990712323948802,-0.5647743979624252,-0.28259175367190204,0.16965458131078506,-0.44863819910425123,-0.21614342258269073,0.0728533762276923,-0.18650648941694303,-0.3578810507739608,0.24901086006758086,-0.48967622776181674,-0.3679008064624104,0.24744389057767663,-0.43677936399473644,-0.29770402117587996,0.1958157841138406,-0.33560438017396405,-0.24629543780889057,coração
0.0,0.0,0.0,-0.06692339475916909,-0.259569315344588,-0.01000130929377933,-0.04501049919264544,-0.5774156274514884,-0.08310743261746428,0.0513307568184111,-0.8308390974608437,-0.15697805790792174,0.12617375130171796,-1.0,-0.22181603364483607,-0.26591024609842945,-0.5110885146164529,-0.2315552648746005,-0.05990934695517901,-0.826489333492838,-0.329558433651672,0.08587906826487404,-0.8690182303912624,-0.34366343329609417,0.1617992705417848,-0.8490417867316005,-0.3366550361471115,-0.19192649572838047,-0.38591065680457387,-0.2826931241804575,0.020767742091977227,-0.784703015354897,-0.3766908571652327,0.136275606425539,-0.7571166554296731,-0.34140609998628224,0.16834341814461157,-0.6799456599937485,-0.30727896906915064,-0.07336631294485126,-0.27907248219216746,-0.32578431293493737,0.1487803681360391,-0.6624918892427516,-0.3747008618566546,0.19956308032916031,-0.5727976641019125,-0.2781936006271492,0.1684665610775165,-0.45697315635665614,-0.20853739061242446,0.06903377658357539,-0.1943600674550387,-0.3725816594976026,0.24649659389541823,-0.4981960628441042,-0.3743485572990292,0.24506739164111008,-0.4444251188980506,-0.29825814626762753,0.19046938475116995,-0.3445253973513037,-0.24456407190280252,coração
0.0,0.0,0.0,-0.06508831705524304,-0.27130709127490743,-0.022557933588413178,-0.046356419759046745,-0.5924593052504019,-0.11175170408005254,0.05231211825238186,-0.8401092925522631,-0.1999220129747774,0.1361386888150394,-1.0,-0.27746286198747927,-0.27724243560872364,-0.5254198456054869,-0.26957228637756153,-0.05761641222300846,-0.8447966055261044,-0.37899167719256494,0.08469594313747728,-0.8652434657434496,-0.39079198331912407,0.13523746376602516,-0.8252169039223679,-0.38056944593674613,-0.20160680734509484,-0.38577217110749196,-0.32224935113921216,0.0316219365561562,-0.7911916053447023,-0.43147112806162324,0.13799748779678864,-0.7298908759944613,-0.3906710367607196,0.14495925311518626,-0.6304630207058223,-0.3501192662059467,-0.08020760100019626,-0.2687764621928272,-0.36745497528630144,0.15357748992790485,-0.6690066570242704,-0.42683470048657923,0.20697973411325712,-0.5660528899621284,-0.3244957004600117,0.1705954955745058,-0.44005064400560717,-0.24991063249997272,0.0648557797100025,-0.17872780361049936,-0.41722250221735413,0.25062862214766807,-0.49686031733063124,-0.4260348534355899,0.25189600781371185,-0.4415081446633679,-0.34943575924568115,0.195900500869444,-0.3359661855276641,-0.2952783043240739,coração
0.0,0.0,0.0,0.06817739325447494,-0.24950387903352686,-0.04939881797611889,0.05987201020667963,-0.5098786014274701,-0.13810340620720873,0.012595830344794248,-0.7179076128822556,-0.21362468168924642,-0.06158187222996347,-0.8659548840204637,-0.29863769508714455,0.20509284131142902,-0.5454347158486905,-0.30664361873367185,0.01225032878254888,-0.8782399112431695,-0.4199311528445369,-0.13816740929731358,-0.9716255729876498,-0.43724382093364195,-0.23822050977346812,-1.0,-0.4359813686050726,0.13751021490938592,-0.4015242698536245,-0.33905546504805245,-0.09089493653373557,-0.7779127820601354,-0.44653555162807484,-0.2354229851068067,-0.8335057628326027,-0.42097929781995813,-0.3281035567532284,-0.8252374507678809,-0.39624383264807256,0.022533374635351273,-0.27177360483725915,-0.36380475769662446,-0.22025294569738602,-0.5992905503543319,-0.47256775978787274,-0.319782010756813,-0.641386875893318,-0.4213670973738904,-0.34982196289669104,-0.6250424277401276,-0.37633193258076647,-0.10162416873881105,-0.15526113616038628,-0.38535589956445926,-0.2876561485413532,-0.400876269069499,-0.4763583419491081,-0.3430115784542853,-0.4359971701494361,-0.44442513763268143,-0.3477060994667858,-0.40895462941695204,-0.4073683527456612,coração
0.0,0.0,0.0,0.06817739325447494,-0.24950387903352686,-0.04939881797611889,0.05987201020667963,-0.5098786014274701,-0.13810340620720873,0.012595830344794248,-0.7179076128822556,-0.21362468168924642,-0.06158187222996347,-0.8659548840204637,-0.29863769508714455,0.20509284131142902,-0.5454347158486905,-0.30664361873367185,0.01225032878254888,-0.8782399112431695,-0.4199311528445369,-0.13816740929731358,-0.9716255729876498,-0.43724382093364195,-0.23822050977346812,-1.0,-0.4359813686050726,0.13751021490938592,-0.4015242698536245,-0.33905546504805245,-0.09089493653373557,-0.7779127820601354,-0.44653555162807484,-0.2354229851068067,-0.8335057628326027,-0.42097929781995813,-0.3281035567532284,-0.8252374507678809,-0.39624383264807256,0.022533374635351273,-0.27177360483725915,-0.36380475769662446,-0.22025294569738602,-0.5992905503543319,-0.47256775978787274,-0.319782010756813,-0.641386875893318,-0.4213670973738904,-0.34982196289669104,-0.6250424277401276,-0.37633193258076647,-0.10162416873881105,-0.15526113616038628,-0.38535589956445926,-0.2876561485413532,-0.400876269069499,-0.4763583419491081,-0.3430115784542853,-0.4359971701494361,-0.44442513763268143,-0.3477060994667858,-0.40895462941695204,-0.4073683527456612,coração
0.0,0.0,0.0,0.06817739325447494,-0.24950387903352686,-0.04939881797611889,0.05987201020667963,-0.5098786014274701,-0.13810340620720873,0.012595830344794248,-0.7179076128822556,-0.21362468168924642,-0.06158187222996347,-0.8659548840204637,-0.29863769508714455,0.20509284131142902,-0.5454347158486905,-0.30664361873367185,0.01225032878254888,-0.8782399112431695,-0.4199311528445369,-0.13816740929731358,-0.9716255729876498,-0.43724382093364195,-0.23822050977346812,-1.0,-0.4359813686050726,0.13751021490938592,-0.4015242698536245,-0.33905546504805245,-0.09089493653373557,-0.7779127820601354,-0.44653555162807484,-0.2354229851068067,-0.8335057628326027,-0.42097929781995813,-0.3281035567532284,-0.8252374507678809,-0.39624383264807256,0.022533374635351273,-0.27177360483725915,-0.36380475769662446,-0.22025294569738602,-0.5992905503543319,-0.47256775978787274,-0.319782010756813,-0.641386875893318,-0.4213670973738904,-0.34982196289669104,-0.6250424277401276,-0.37633193258076647,-0.10162416873881105,-0.15526113616038628,-0.38535589956445926,-0.2876561485413532,-0.400876269069499,-0.4763583419491081,-0.3430115784542853,-0.4359971701494361,-0.44442513763268143,-0.3477060994667858,-0.40895462941695204,-0.4073683527456612,coração
0.0,0.0,0.0,0.06515507651755818,-0.2538435234037064,-0.03183863273971056,0.033037385935567175,-0.5147285118945846,-0.1150255794545758,-0.07701573917281572,-0.712271042100325,-0.1925603300507197,-0.20267432683958847,-0.8304377482158275,-0.2851014615467717,0.1020515017228696,-0.5838398300191241,-0.267512059735127,-0.11265674827606559,-0.8845462886961135,-0.36113962510103675,-0.2743378528110186,-0.9820498162738922,-0.3865573517650221,-0.39187418883965053,-1.0,-0.39698568702212,0.038785862186252455,-0.43957589357697907,-0.30826254240025386,-0.21410571720113247,-0.8074715283858206,-0.38896345187338977,-0.35631045483392243,-0.8630306502243107,-0.3819496719589522,-0.44174978810194715,-0.8475229224103259,-0.38373585997839144,-0.06454052652939284,-0.29090894985576327,-0.33798067387622643,-0.33472438649961456,-0.6058542579491433,-0.39938421934288587,-0.3658781158749214,-0.5522175823360079,-0.3478272782441557,-0.33188407031668793,-0.4573724398060456,-0.3185020632581413,-0.18375029434510573,-0.15851039167522069,-0.3669844670491237,-0.3868823392328104,-0.4240118066613568,-0.4233544069753412,-0.394017507981544,-0.4034914653609812,-0.3842379959959493,-0.3472415832511398,-0.3209432551313403,-0.35351620095019576,coração
0.0,0.0,0.0,0.06515507651755818,-0.2538435234037064,-0.03183863273971056,0.033037385935567175,-0.5147285118945846,-0.1150255794545758,-0.07701573917281572,-0.712271042100325,-0.1925603300507197,-0.20267432683958847,-0.8304377482158275,-0.2851014615467717,0.1020515017228696,-0.5838398300191241,-0.267512059735127,-0.11265674827606559,-0.8845462886961135,-0.36113962510103675,-0.2743378528110186,-0.9820498162738922,-0.3865573517650221,-0.39187418883965053,-1.0,-0.39698568702212,0.038785862186252455,-0.43957589357697907,-0.30826254240025386,-0.21410571720113247,-0.8074715283858206,-0.38896345187338977,-0.35631045483392243,-0.8630306502243107,-0.3819496719589522,-0.44174978810194715,-0.8475229224103259,-0.38373585997839144,-0.06454052652939284,-0.29090894985576327,-0.33798067387622643,-0.33472438649961456,-0.6058542579491433,-0.39938421934288587,-0.3658781158749214,-0.5522175823360079,-0.3478272782441557,-0.33188407031668793,-0.4573724398060456,-0.3185020632581413,-0.18375029434510573,-0.15851039167522069,-0.3669844670491237,-0.3868823392328104,-0.4240118066613568,-0.4233544069753412,-0.394017507981544,-0.4034914653609812,-0.3842379959959493,-0.3472415832511398,-0.3209432551313403,-0.35351620095019576,coração
0.0,0.0,0.0,0.06129968398784785,-0.28782851118156094,-0.017744840718895743,0.019044543591506653,-0.573841885755827,-0.0883798521983143,-0.12297289582605557,-0.7872235447160437,-0.15700588882902985,-0.26691617019775943,-0.904400591382197,-0.23869848157566298,0.12324379049483901,-0.6270042924074692,-0.21819799774481702,-0.09047312631582775,-0.9221860203485701,-0.303101949533473,-0.25276275399142656,-0.9989542169032897,-0.33177794116531056,-0.3587681234938106,-1.0,-0.34821842475262016,0.048847859513044295,-0.483544295389999,-0.26362427019463947,-0.20008315027253143,-0.8512940083254645,-0.3372190021235692,-0.3531400613996288,-0.9049440411949665,-0.34015776648648205,-0.4430638076341059,-0.8887081518737039,-0.34947485098933023,-0.06567764546513943,-0.33056977546105465,-0.29866322257078737,-0.34094711291595103,-0.6548645360608563,-0.3621951980254848,-0.3732503137902782,-0.585520245067163,-0.32644370411175894,-0.33679244581829876,-0.4804850675046426,-0.3056850954571408,-0.19314094066078374,-0.1916283268213713,-0.33084115640512035,-0.4014556200048359,-0.4449705075882926,-0.39251029612556904,-0.40216859642877645,-0.40469101640217403,-0.36506362940302606,-0.34844052122474756,-0.3229578408508844,-0.34152765852871,coração
0.0,0.0,0.0,0.03910835073022536,-0.28643648313038106,-0.012535250622786681,-0.022540249709505477,-0.6002636735447437,-0.07382182087376823,-0.16817341040095699,-0.8336575853885775,-0.13422271442001563,-0.2994512405377138,-1.0,-0.20492209683960108,0.08909942097771749,-0.6018960894028422,-0.18857109348753376,-0.1228302525422831,-0.8990701637459662,-0.27786506966365193,-0.265113249246681,-0.9491771780269085,-0.316792842716609,-0.35115974169382336,-0.9242653890723304,-0.3387734364452264,0.012494357443242144,-0.45677444650602417,-0.23297518001509085,-0.23853494324769547,-0.8233920180384173,-0.29965927661756586,-0.36283519483514537,-0.8444484696180635,-0.3058929139960189,-0.42267651170558906,-0.8001622899247965,-0.3200576347802637,-0.09746943819960963,-0.3001817989755686,-0.26891453922366415,-0.36461083567574115,-0.6281663744538656,-0.32777284974621174,-0.38566823891640073,-0.5585701356719662,-0.2903623812212895,-0.3402253152615022,-0.4570689855896317,-0.2701133148800486,-0.22238176642876198,-0.15993805321244278,-0.3017206140248543,-0.42710696955287475,-0.4168792307279921,-0.3621565405921527,-0.42511736359446173,-0.3821545478452333,-0.33573295881290827,-0.3695020560636192,-0.3049036237030843,-0.31327685179799286,coração
0.0,0.0,0.0,0.019906379076098536,-0.3009157531012357,-0.01200802113385053,-0.05324817897756814,-0.6169085320845997,-0.06619538787596341,-0.19119783755894634,-0.8452666485970783,-0.1211458833122559,-0.29799365064212385,-1.0,-0.17917885413157536,0.07231898164800328,-0.6289402925114057,-0.1496877978675366,-0.16210722084616813,-0.8971860309580916,-0.23870868330009587,-0.24960337821750897,-0.8371380329036976,-0.2748251310008544,-0.2510503658523419,-0.741399898742118,-0.2931589622422635,-0.0025511929053568375,-0.482703341112348,-0.19098955686809518,-0.25221281429293074,-0.8180388189307918,-0.26349994190943077,-0.3228967965120012,-0.7459850567913525,-0.25958299993724315,-0.3207141692279456,-0.6385526884763189,-0.2597745276300238,-0.10517310154256326,-0.33211008470545716,-0.22902802918099682,-0.3574496992095407,-0.6268824618734526,-0.29637293756306976,-0.36637901643480203,-0.5323583426664462,-0.2527268732103332,-0.3134201355446418,-0.4270548332455424,-0.22346420830403083,-0.2162149837799874,-0.19461273405941257,-0.26473096813135827,-0.40670189952286057,-0.4228026556612645,-0.3247584212626532,-0.3896572488881237,-0.3617268787399928,-0.2975187831487773,-0.3261905188074299,-0.2829027032217849,-0.27329005057129824,coração
0.0,0.0,0.0,0.019906379076098536,-0.3009157531012357,-0.01200802113385053,-0.05324817897756814,-0.6169085320845997,-0.06619538787596341,-0.19119783755894634,-0.8452666485970783,-0.1211458833122559,-0.29799365064212385,-1.0,-0.17917885413157536,0.07231898164800328,-0.6289402925114057,-0.1496877978675366,-0.16210722084616813,-0.8971860309580916,-0.23870868330009587,-0.24960337821750897,-0.8371380329036976,-0.2748251310008544,-0.2510503658523419,-0.741399898742118,-0.2931589622422635,-0.0025511929053568375,-0.482703341112348,-0.19098955686809518,-0.25221281429293074,-0.8180388189307918,-0.26349994190943077,-0.3228967965120012,-0.7459850567913525,-0.25958299993724315,-0.3207141692279456,-0.6385526884763189,-0.2597745276300238,-0.10517310154256326,-0.33211008470545716,-0.22902802918099682,-0.3574496992095407,-0.6268824618734526,-0.29637293756306976,-0.36637901643480203,-0.5323583426664462,-0.2527268732103332,-0.3134201355446418,-0.4270548332455424,-0.22346420830403083,-0.2162149837799874,-0.19461273405941257,-0.26473096813135827,-0.40670189952286057,-0.4228026556612645,-0.3247584212626532,-0.3896572488881237,-0.3617268787399928,-0.2975187831487773,-0.3261905188074299,-0.2829027032217849,-0.27329005057129824,coração
0.0,0.0,0.0,0.03797711964075698,-0.2803218218753341,-0.028113501174222212,-0.03713980235524125,-0.5923937315758122,-0.10206246808323537,-0.184747598173237,-0.8264022238853844,-0.17023808209554617,-0.3039433489636633,-1.0,-0.2447994909635946,0.08587267645216966,-0.5976772922362573,-0.22991622203536685,-0.15898061737257718,-0.8870558720654946,-0.3123976451081777,-0.2732342563883246,-0.8959339249438683,-0.3274803343904554,-0.3185939576300958,-0.8254066686013655,-0.3318600215802035,0.0028864688182554106,-0.4406298972063967,-0.26555936938304747,-0.2717762826289502,-0.7943773579141911,-0.32653105913881725,-0.3898241969727055,-0.8033028363703013,-0.31180673462872877,-0.4398409219349025,-0.7576204731866018,-0.31388427659387363,-0.10817354248445876,-0.28387805287837364,-0.2926239857780926,-0.3802792075880924,-0.5998315284629836,-0.34632012605393997,-0.3981338302454522,-0.5381567411525714,-0.2983967897676453,-0.35353034167799485,-0.4449469230651739,-0.27569710211967896,-0.2264294878648562,-0.1478753952131478,-0.3176050842797193,-0.42722564188724776,-0.39734080738036687,-0.3766960940397657,-0.4184490079577217,-0.36004551633547677,-0.34912537570645785,-0.36039941348077775,-0.28461288203937624,-0.3283226538906921,coração
0.0,0.0,0.0,0.05735049186003216,-0.28321582427587155,-0.02297660924744033,-0.004618284524398031,-0.6035137717220594,-0.09345180655876384,-0.16160099846672338,-0.8388284146760528,-0.15982878524685115,-0.29820478649554616,-1.0,-0.23527499129715077,0.09594572819361287,-0.5955866308121787,-0.2297579380589775,-0.14421429441679184,-0.9280853453922159,-0.3257628536689569,-0.24603288385357028,-0.9365543363123408,-0.3595080325965108,-0.2745528883031995,-0.8575872586131681,-0.37261487342298677,-0.002558195049941278,-0.4212389141606033,-0.2675928798831512,-0.26427653454537314,-0.7932246705625414,-0.3384494018964273,-0.36184533505759314,-0.8326777079214849,-0.3366101278353221,-0.3927285642444268,-0.8031088622978165,-0.34491242853627546,-0.12653573296619905,-0.2500965026153533,-0.29656256772389,-0.3958794451223503,-0.6043888312939484,-0.3576579078650649,-0.4205936837479001,-0.5800146372979746,-0.3172440308316963,-0.37680353947157746,-0.5043890534336561,-0.2943993114428471,-0.25649395532223673,-0.10863793671171375,-0.32224337039325746,-0.4546000263491869,-0.40064844289463075,-0.3800877386304917,-0.44876219482916857,-0.38618612265905333,-0.34835407747590863,-0.39256665857280704,-0.3093351819913731,-0.3213065175353532,coração
0.0,0.0,0.0,0.05735049186003216,-0.28321582427587155,-0.02297660924744033,-0.004618284524398031,-0.6035137717220594,-0.09345180655876384,-0.16160099846672338,-0.8388284146760528,-0.15982878524685115,-0.29820478649554616,-1.0,-0.23527499129715077,0.09594572819361287,-0.5955866308121787,-0.2297579380589775,-0.14421429441679184,-0.9280853453922159,-0.3257628536689569,-0.24603288385357028,-0.9365543363123408,-0.3595080325965108,-0.2745528883031995,-0.8575872586131681,-0.37261487342298677,-0.002558195049941278,-0.4212389141606033,-0.2675928798831512,-0.26427653454537314,-0.7932246705625414,-0.3384494018964273,-0.36184533505759314,-0.8326777079214849,-0.3366101278353221,-0.3927285642444268,-0.8031088622978165,-0.34491242853627546,-0.12653573296619905,-0.2500965026153533,-0.29656256772389,-0.3958794451223503,-0.6043888312939484,-0.3576579078650649,-0.4205936837479001,-0.5800146372979746,-0.3172440308316963,-0.37680353947157746,-0.5043890534336561,-0.2943993114428471,-0.25649395532223673,-0.10863793671171375,-0.32224337039325746,-0.4546000263491869,-0.40064844289463075,-0.3800877386304917,-0.44876219482916857,-0.38618612265905333,-0.34835407747590863,-0.39256665857280704,-0.3093351819913731,-0.3213065175353532,coração
0.0,0.0,0.0,0.035214530688925334,-0.27645898976038147,-0.026029515929655016,-0.04502366894216512,-0.6054430472124348,-0.09446470544516505,-0.21184435925981307,-0.8386379820413764,-0.15855675075941855,-0.337900769027871,-1.0,-0.22354659856534326,0.06560519173308531,-0.5872316980922792,-0.21961171009543118,-0.2082010931458825,-0.9137595688455831,-0.31829113198493314,-0.2562432714108719,-0.8138308616903038,-0.34141879815010623,-0.20667494306825906,-0.6895465195567141,-0.34641270127104246,-0.02508574942628231,-0.41450989967609786,-0.25525026591676553,-0.3163590718463668,-0.7780024503750077,-0.34302471368780346,-0.3350724680516812,-0.6770259783421521,-0.33001030326767383,-0.27712417931657335,-0.5619961730844479,-0.32210872807522595,-0.14158308970585953,-0.24614969239134235,-0.28488509577992427,-0.4199827691661892,-0.5933595451670932,-0.36631782624440207,-0.40151944172563386,-0.49809646361088505,-0.3190605998839329,-0.3258901621935049,-0.39186655493828937,-0.284404053806812,-0.2660755734042736,-0.09942657704596226,-0.3104806342941256,-0.4587506508056208,-0.3723256569473329,-0.3846063878317642,-0.42271849820588947,-0.3127973354558736,-0.35876308447319627,-0.34990863606501355,-0.21894466830063744,-0.3322347487846059,coração
0.0,0.0,0.0,0.033574150541857486,-0.29176858290183083,-0.01805269919896729,-0.06705403525725435,-0.6193143003677952,-0.08531807395526302,-0.24145524079204317,-0.8448141741099825,-0.15011860329541807,-0.3639967275576634,-1.0,-0.21537483074200628,0.039145010622423905,-0.6183968352709688,-0.19841031882250962,-0.23772723590823913,-0.9078554883190877,-0.3017486054218215,-0.2593150277996596,-0.8208309457523527,-0.3325255009845456,-0.2058179199669786,-0.7095645694633613,-0.3410879246073281,-0.05269042593721712,-0.44615281558259157,-0.23971948095197296,-0.3587698960331355,-0.7873548984068826,-0.33017292210094157,-0.34383910675371265,-0.6788714495256135,-0.31900010673023954,-0.2676469589635831,-0.5715045084508479,-0.309081715075418,-0.16998806327689536,-0.2712745248606096,-0.2758155551807221,-0.45081905741347755,-0.6023579637146642,-0.35696677366663443,-0.4078312544937896,-0.5018118642635498,-0.3048958118540544,-0.32128997027456463,-0.40303796234989525,-0.2641641113327477,-0.299537755423893,-0.10860908103582627,-0.3081879624221061,-0.4881411504785409,-0.36186648672182414,-0.3785970268905048,-0.43331656291447246,-0.30723618686556703,-0.3495224845615199,-0.35046482645869903,-0.2280507236904287,-0.31930544875794087,coração
0.0,0.0,0.0,0.033574150541857486,-0.29176858290183083,-0.01805269919896729,-0.06705403525725435,-0.6193143003677952,-0.08531807395526302,-0.24145524079204317,-0.8448141741099825,-0.15011860329541807,-0.3639967275576634,-1.0,-0.21537483074200628,0.039145010622423905,-0.6183968352709688,-0.19841031882250962,-0.23772723590823913,-0.9078554883190877,-0.3017486054218215,-0.2593150277996596,-0.8208309457523527,-0.3325255009845456,-0.2058179199669786,-0.7095645694633613,-0.3410879246073281,-0.05269042593721712,-0.44615281558259157,-0.23971948095197296,-0.3587698960331355,-0.7873548984068826,-0.33017292210094157,-0.34383910675371265,-0.6788714495256135,-0.31900010673023954,-0.2676469589635831,-0.5715045084508479,-0.309081715075418,-0.16998806327689536,-0.2712745248606096,-0.2758155551807221,-0.45081905741347755,-0.6023579637146642,-0.35696677366663443,-0.4078312544937896,-0.5018118642635498,-0.3048958118540544,-0.32128997027456463,-0.40303796234989525,-0.2641641113327477,-0.299537755423893,-0.10860908103582627,-0.3081879624221061,-0.4881411504785409,-0.36186648672182414,-0.3785970268905048,-0.43331656291447246,-0.30723618686556703,-0.3495224845615199,-0.35046482645869903,-0.2280507236904287,-0.31930544875794087,coração
0.0,0.0,0.0,0.02563738383337854,-0.2949119156029467,-0.017172754770133924,-0.08299072284207246,-0.6347587300856279,-0.07880782633425709,-0.26590517460347035,-0.8558780675203848,-0.13981349037166033,-0.38602746848742264,-1.0,-0.1992823894718233,0.023880811099613125,-0.6611909925242387,-0.16994970781472815,-0.26710232647010795,-0.9442711348148919,-0.2798147366541263,-0.28897194704301465,-0.8308052900735623,-0.31833145661445617,-0.22288091990763095,-0.7050337682782968,-0.33067870571397756,-0.07521341049151868,-0.49089062438751546,-0.21430121378624928,-0.38178870186058195,-0.8227287117288891,-0.31092857831719095,-0.3664729626138112,-0.6958527621855751,-0.30591084120404166,-0.2856337029934861,-0.5775476852456504,-0.2966998425942882,-0.19614473329643117,-0.3079270420267893,-0.25624463924194657,-0.47650968488037887,-0.6232540839481103,-0.34844959065714515,-0.43198312368307584,-0.5047445744964905,-0.2987255789424415,-0.340545189692453,-0.400659598071268,-0.2545938203429607,-0.3262234881530217,-0.13137996867243143,-0.2944038440047495,-0.5115242456431529,-0.37777194577739637,-0.37170106426750943,-0.4590260469519781,-0.30722866681701744,-0.341387901960224,-0.37688487039453367,-0.22253911507616825,-0.30713403053052,coração
0.0,0.0,0.0,0.04294478890140564,-0.31407469068307664,-0.007295055643206442,-0.058465936186352256,-0.6620159231760628,-0.07002355208340018,-0.2527224596991265,-0.8765602252306642,-0.1323456085521929,-0.4108655319120437,-0.9900507233858821,-0.19638153182280438,0.027475249426257068,-0.690353141211771,-0.19410317997927296,-0.2779307080453621,-1.0,-0.29855849500260184,-0.2971412228017486,-0.8875611587016972,-0.3303672985070479,-0.23003511497806373,-0.7655809788583289,-0.3391614810462349,-0.0833384383043407,-0.5146011691335659,-0.2431838075302401,-0.40728922887886365,-0.8703078011901706,-0.33366155599574493,-0.3871470158768866,-0.7462217469401198,-0.3235093198510138,-0.3004040379368616,-0.6254876396340888,-0.3128407593878356,-0.21663343346955563,-0.32365483357367736,-0.2856421386557966,-0.5108549739784362,-0.6615370736126314,-0.36803548432116406,-0.46228237311619186,-0.5509190819088823,-0.31723168283474096,-0.3665526436100569,-0.44619028981330777,-0.27575069922928147,-0.3570434122138352,-0.138987907817421,-0.32301227459510107,-0.5460895167007404,-0.4005565764403257,-0.39315157234675363,-0.48802255615845647,-0.33935916888576967,-0.3596353037726203,-0.4021411528751361,-0.25427108794581416,-0.3249769415641921,coração
0.0,0.0,0.0,0.04294478890140564,-0.31407469068307664,-0.007295055643206442,-0.058465936186352256,-0.6620159231760628,-0.07002355208340018,-0.2527224596991265,-0.8765602252306642,-0.1323456085521929,-0.4108655319120437,-0.9900507233858821,-0.19638153182280438,0.027475249426257068,-0.690353141211771,-0.19410317997927296,-0.2779307080453621,-1.0,-0.29855849500260184,-0.2971412228017486,-0.8875611587016972,-0.3303672985070479,-0.23003511497806373,-0.7655809788583289,-0.3391614810462349,-0.0833384383043407,-0.5146011691335659,-0.2431838075302401,-0.40728922887886365,-0.8703078011901706,-0.33366155599574493,-0.3871470158768866,-0.7462217469401198,-0.3235093198510138,-0.3004040379368616,-0.6254876396340888,-0.3128407593878356,-0.21663343346955563,-0.32365483357367736,-0.2856421386557966,-0.5108549739784362,-0.6615370736126314,-0.36803548432116406,-0.46228237311619186,-0.5509190819088823,-0.31723168283474096,-0.3665526436100569,-0.44619028981330777,-0.27575069922928147,-0.3570434122138352,-0.138987907817421,-0.32301227459510107,-0.5460895167007404,-0.4005565764403257,-0.39315157234675363,-0.48802255615845647,-0.33935916888576967,-0.3596353037726203,-0.4021411528751361,-0.25427108794581416,-0.3249769415641921,coração
0.0,0.0,0.0,0.04876545977516721,-0.3037785982223498,-0.003562846325070162,-0.022764041085229277,-0.6248201429693302,-0.0626149882402213,-0.18447903085817036,-0.8247962958213257,-0.12446312581320425,-0.34313363663720753,-0.8948037299445584,-0.1928328183788265,0.016578466808509554,-0.665997197470636,-0.19451650925948522,-0.28054544575273094,-1.0,-0.291901272028331,-0.32401352983017817,-0.91121127261343,-0.3227995302663165,-0.27654360846507187,-0.7899430429078327,-0.33219913426269126,-0.08379316103736269,-0.49643457726818585,-0.24135153457211683,-0.39109861148120745,-0.8411617437708137,-0.320699737979283,-0.39492423831563167,-0.7443918575890611,-0.30784261568002635,-0.3307606280845395,-0.6328647375276772,-0.30083869069007524,-0.20164721531683913,-0.3161607109817683,-0.28096993419353844,-0.4844552032891052,-0.6297170314647259,-0.352132721521814,-0.4525750123004686,-0.5350837949231418,-0.30597625329618083,-0.3680145526339645,-0.431747132517505,-0.27373669087764146,-0.3216853981641612,-0.14839152161446367,-0.3162594058734839,-0.5110294038467526,-0.39292934019562104,-0.37642553513089977,-0.46585384047745987,-0.329335574991351,-0.34176168398096013,-0.3896694468107768,-0.23551819284824424,-0.3108772533688187,coração
0.0,0.0,0.0,0.08411732247400208,-0.31293532778829136,0.020730637472679902,0.02664288571863245,-0.6406719009974153,-0.016931756444785208,-0.13261765773626732,-0.811361647767749,-0.062422356347909304,-0.2968457576242986,-0.8270684635328834,-0.11484985462531327,0.008260109586085931,-0.6872936808898898,-0.12385756284008397,-0.29097866798249394,-1.0,-0.19777732055373215,-0.29947291781204544,-0.8921427484744159,-0.22601897813786367,-0.23688754265236323,-0.7680379550692218,-0.2353914802729973,-0.11518573046523777,-0.5372068668795494,-0.17128885973353497,-0.4147435706517933,-0.8521189541105246,-0.22509494422043075,-0.3769034082447954,-0.7461342208191024,-0.21496178815081535,-0.29699034702260546,-0.6344389609365126,-0.2117030429573815,-0.23966814670400569,-0.37614011306347606,-0.21111935256101536,-0.49785872861143465,-0.6638045948236794,-0.252473781926931,-0.4447203639024367,-0.570851622500324,-0.2088888573388045,-0.3600280042598029,-0.4836256782721879,-0.1817285136325989,-0.3599791034612106,-0.21518363759155315,-0.24606654472948203,-0.5306879678277018,-0.4705663477180835,-0.2709173318914729,-0.4802206331586857,-0.3943203432956804,-0.22091769915055695,-0.4141885566496634,-0.2913767164582782,-0.18326516588795203,coração
0.0,0.0,0.0,0.08411732247400208,-0.31293532778829136,0.020730637472679902,0.02664288571863245,-0.6406719009974153,-0.016931756444785208,-0.13261765773626732,-0.811361647767749,-0.062422356347909304,-0.2968457576242986,-0.8270684635328834,-0.11484985462531327,0.008260109586085931,-0.6872936808898898,-0.12385756284008397,-0.29097866798249394,-1.0,-0.19777732055373215,-0.29947291781204544,-0.8921427484744159,-0.22601897813786367,-0.23688754265236323,-0.7680379550692218,-0.2353914802729973,-0.11518573046523777,-0.5372068668795494,-0.17128885973353497,-0.4147435706517933,-0.8521189541105246,-0.22509494422043075,-0.3769034082447954,-0.7461342208191024,-0.21496178815081535,-0.29699034702260546,-0.6344389609365126,-0.2117030429573815,-0.23966814670400569,-0.37614011306347606,-0.21111935256101536,-0.49785872861143465,-0.6638045948236794,-0.252473781926931,-0.4447203639024367,-0.570851622500324,-0.2088888573388045,-0.3600280042598029,-0.4836256782721879,-0.1817285136325989,-0.3599791034612106,-0.21518363759155315,-0.24606654472948203,-0.5306879678277018,-0.4705663477180835,-0.2709173318914729,-0.4802206331586857,-0.3943203432956804,-0.22091769915055695,-0.4141885566496634,-0.2913767164582782,-0.18326516588795203,coração
0.0,0.0,0.0,0.031911529425480464,-0.3297462945556329,0.03679526313308114,-0.048341957423952385,-0.6475004710200368,0.011274953516777705,-0.2044372689789847,-0.7981692153795068,-0.021738909175416685,-0.3654614799293418,-0.7948536506915407,-0.06086307441601164,-0.03781338446372937,-0.7088165582539886,-0.12298057882174049,-0.32345815104077213,-1.0,-0.18683621872718256,-0.3220610171326382,-0.8737131264176141,-0.19887592025141382,-0.24465488544064054,-0.7386970284621014,-0.19876018204070703,-0.1596895327377142,-0.5738699943061224,-0.17942922046240997,-0.45645453589693147,-0.884481321062871,-0.23123683141755533,-0.435085319684682,-0.7429814891727847,-0.21271391642287968,-0.3521320813048244,-0.6164308443697752,-0.19882963797873432,-0.290395146776089,-0.40527521622682244,-0.2253710965898654,-0.560568700744576,-0.6721051004443723,-0.2686750393138289,-0.5117836201611149,-0.5591473132080264,-0.21818831427190552,-0.41654565875665284,-0.4689821074841701,-0.1831342614697787,-0.42344909496492594,-0.21724838942375252,-0.26387987317647427,-0.5999839697048239,-0.44832551075747307,-0.2982409670255251,-0.5456125394381693,-0.3787771383008512,-0.2487681191186757,-0.4649081224672914,-0.2913614404781608,-0.2074744170469162,coração
0.0,0.0,0.0,0.04664164332253687,-0.32895202012671537,0.02112832524437486,-0.021327461601725734,-0.6442696014081956,-0.025332089797148932,-0.16054152759762527,-0.8046032066926717,-0.07691166954317111,-0.3150286289076181,-0.8207162604914905,-0.13602295744194853,-0.022678545317089755,-0.70799378001737,-0.17460092717824915,-0.32144439990761753,-1.0,-0.2510783298686528,-0.313848654355993,-0.9051434139527594,-0.26712377292518896,-0.2370294832194765,-0.796598094806405,-0.26911024337297057,-0.14689145858839464,-0.5441269350297271,-0.23002460179689885,-0.46168943974705456,-0.8645274045104951,-0.2930938559686616,-0.4216234681153909,-0.7530512239549538,-0.27479345326571264,-0.3297992367132809,-0.6352964476544779,-0.2647042338217064,-0.2778857036031436,-0.35213875143370765,-0.27375476717020375,-0.5602814293291389,-0.6519900797817042,-0.3279725669243577,-0.5001248356519105,-0.5524960652090442,-0.27525814215449645,-0.4063915648118118,-0.44859208212910806,-0.240104772198592,-0.40640020253401976,-0.1541469395830407,-0.3110613721690181,-0.5763389549137636,-0.3896013752899036,-0.35626432059379576,-0.5131416773592755,-0.3299875184914095,-0.3114072666699356,-0.4337383876622067,-0.24254065847824313,-0.2740802756184102,coração
0.0,0.0,0.0,0.04664164332253687,-0.32895202012671537,0.02112832524437486,-0.021327461601725734,-0.6442696014081956,-0.025332089797148932,-0.16054152759762527,-0.8046032066926717,-0.07691166954317111,-0.3150286289076181,-0.8207162604914905,-0.13602295744194853,-0.022678545317089755,-0.70799378001737,-0.17460092717824915,-0.32144439990761753,-1.0,-0.2510783298686528,-0.313848654355993,-0.9051434139527594,-0.26712377292518896,-0.2370294832194765,-0.796598094806405,-0.26911024337297057,-0.14689145858839464,-0.5441269350297271,-0.23002460179689885,-0.46168943974705456,-0.8645274045104951,-0.2930938559686616,-0.4216234681153909,-0.7530512239549538,-0.27479345326571264,-0.3297992367132809,-0.6352964476544779,-0.2647042338217064,-0.2778857036031436,-0.35213875143370765,-0.27375476717020375,-0.5602814293291389,-0.6519900797817042,-0.3279725669243577,-0.5001248356519105,-0.5524960652090442,-0.27525814215449645,-0.4063915648118118,-0.44859208212910806,-0.240104772198592,-0.40640020253401976,-0.1541469395830407,-0.3110613721690181,-0.5763389549137636,-0.3896013752899036,-0.35626432059379576,-0.5131416773592755,-0.3299875184914095,-0.3114072666699356,-0.4337383876622067,-0.24254065847824313,-0.2740802756184102,coração
0.0,0.0,0.0,0.0626879297375454,-0.3110127886098075,0.02147459267484159,-0.004069295829014676,-0.6296087831298399,-0.016355448043857045,-0.1562671980819306,-0.8217112825877786,-0.06017872695117041,-0.3119526644182057,-0.8725299869945656,-0.11108869601430672,-0.027252461685247493,-0.671928732965445,-0.1402508892449398,-0.3168703821320433,-1.0,-0.2138181010146762,-0.3446797437029027,-0.9668577441284764,-0.2366619990595003,-0.3046576494040152,-0.8864235136314799,-0.24235220464711296,-0.14406708316896527,-0.5173217365182179,-0.18789743709149262,-0.4490750031191239,-0.8459320366122559,-0.243468452274459,-0.4154979878117963,-0.7698797209302701,-0.23061751046055423,-0.3338848496178518,-0.6645764835421296,-0.22546492473713756,-0.2619416011179586,-0.3523317924121104,-0.22666121978324202,-0.5242037956810329,-0.6459592507157834,-0.27268336273642446,-0.4692621949668444,-0.5726243076857231,-0.22625684404610927,-0.38418945376771996,-0.4885208165684631,-0.19701385894562906,-0.3767228364686753,-0.19166218818350705,-0.2597698617954383,-0.548162906692368,-0.4432688902823443,-0.2934558697892784,-0.4926179725331364,-0.3756791917492006,-0.24787646073101963,-0.4235446208336479,-0.2798100423272177,-0.21254415593467518,coração
0.0,0.0,0.0,0.02980379390589919,-0.30426272296208307,0.025195720441041944,-0.050987336459738596,-0.5785339096037342,0.0003092296947021806,-0.189867496973215,-0.7505050630266556,-0.0288830834493402,-0.33066793002040734,-0.8160224945954438,-0.07297250028816396,-0.024585992044392727,-0.6264448755034236,-0.11277411674137021,-0.26090707073864694,-0.9062130522479055,-0.16419582087836862,-0.42333075883687377,-0.9832805049534354,-0.19424893491418915,-0.5162109736070096,-1.0,-0.21240782590088245,-0.10067790282560418,-0.4791619394204634,-0.1552256634783621,-0.3638172218901547,-0.7800647019647559,-0.1762644579780304,-0.49799501880747815,-0.8619315334854316,-0.17578681522507622,-0.561299155949629,-0.873809789446433,-0.19104693862843478,-0.19411927877448937,-0.31933745073109054,-0.18756705662050002,-0.45221569285844027,-0.5678013315159149,-0.2039474250878949,-0.5008099872496851,-0.585808973081331,-0.1806814688241522,-0.4827200624059379,-0.5599299837571371,-0.1768564417003139,-0.2971112640597959,-0.1686616768505698,-0.2152939163797909,-0.4782423609048789,-0.36203295032084193,-0.23895193090584368,-0.4795121823268094,-0.3597290185275713,-0.21100047642313874,-0.4350570242881194,-0.3121308368802277,-0.19269738758432645,coração
0.0,0.0,0.0,0.02980379390589919,-0.30426272296208307,0.025195720441041944,-0.050987336459738596,-0.5785339096037342,0.0003092296947021806,-0.189867496973215,-0.7505050630266556,-0.0288830834493402,-0.33066793002040734,-0.8160224945954438,-0.07297250028816396,-0.024585992044392727,-0.6264448755034236,-0.11277411674137021,-0.26090707073864694,-0.9062130522479055,-0.16419582087836862,-0.42333075883687377,-0.9832805049534354,-0.19424893491418915,-0.5162109736070096,-1.0,-0.21240782590088245,-0.10067790282560418,-0.4791619394204634,-0.1552256634783621,-0.3638172218901547,-0.7800647019647559,-0.1762644579780304,-0.49799501880747815,-0.8619315334854316,-0.17578681522507622,-0.561299155949629,-0.873809789446433,-0.19104693862843478,-0.19411927877448937,-0.31933745073109054,-0.18756705662050002,-0.45221569285844027,-0.5678013315159149,-0.2039474250878949,-0.5008099872496851,-0.585808973081331,-0.1806814688241522,-0.4827200624059379,-0.5599299837571371,-0.1768564417003139,-0.2971112640597959,-0.1686616768505698,-0.2152939163797909,-0.4782423609048789,-0.36203295032084193,-0.23895193090584368,-0.4795121823268094,-0.3597290185275713,-0.21100047642313874,-0.4350570242881194,-0.3121308368802277,-0.19269738758432645,coração
0.0,0.0,0.0,0.02191872603279195,-0.2897626320727674,0.017590934256399116,-0.05864861612797256,-0.5627740832951638,-0.01591593179567033,-0.20674113439929023,-0.7224637672008718,-0.05232784512956049,-0.35340714320892197,-0.7690694504001352,-0.1053836015800622,-0.020546246237090834,-0.6141919245583504,-0.1281118367799476,-0.26421562003957605,-0.8817913892046382,-0.19597122561151956,-0.43723475628291053,-0.9637710794622145,-0.23925146855920493,-0.5409393332540778,-1.0,-0.26544931707806146,-0.09954835168026849,-0.47624164953021253,-0.1724150466652658,-0.3525790190630011,-0.7772998191855285,-0.21334464961847863,-0.5079881823861124,-0.8711914722966722,-0.22695099271930522,-0.5947994236595096,-0.9044704993513734,-0.24840230351147394,-0.2002113921956628,-0.32673245357282216,-0.20783619438165102,-0.44561909608639405,-0.5992952511080591,-0.24340214656386322,-0.5433086107773218,-0.6711705820284883,-0.23309506322955273,-0.5714114334710804,-0.7002253731609844,-0.23411226865647639,-0.3122426713132781,-0.1867065012931942,-0.23783898516272875,-0.4891460805220619,-0.4034868707911657,-0.27099601702002696,-0.5271630312248173,-0.4341602067090233,-0.24844665925145396,-0.5187076139976342,-0.41700565245917964,-0.23297453377851396,coração
0.0,0.0,0.0,0.028402320651990536,-0.31009945380590037,0.000314902947834467,-0.042697691593493896,-0.6092837453136379,-0.05339491015877669,-0.18852141272703904,-0.8051529225952693,-0.10494633816044632,-0.34317657344049207,-0.8773074492352638,-0.17314311854583408,-0.003908887529964473,-0.6750012416087154,-0.21141379976630323,-0.3067836950806136,-0.969189716674369,-0.2958750145638528,-0.47968282678857055,-1.0,-0.3288584685638611,-0.5673543346550621,-0.9751183509009909,-0.34437824577945025,-0.07903398671649277,-0.5127157792734371,-0.253159101651615,-0.39387799706335846,-0.8324051913271641,-0.31860628740803143,-0.5599297988745527,-0.8648291868657133,-0.31867822489009445,-0.633703724484941,-0.8359922083840244,-0.3261343932590604,-0.18641361606880522,-0.3390365192191551,-0.28308526005359064,-0.49127604013637605,-0.6493173805885187,-0.34174795458334695,-0.6176220482411428,-0.69521387326189,-0.31946313959062794,-0.6505779451622186,-0.6832470399479548,-0.30780270403049936,-0.31069950149883974,-0.17506190035511904,-0.3071555984194516,-0.533789101670504,-0.414887817335284,-0.3622190493637756,-0.6107048660067248,-0.4647218208845789,-0.3435535000817666,-0.6288918746471841,-0.4575182156319864,-0.32612891975499037,coração
0.0,0.0,0.0,0.028402320651990536,-0.31009945380590037,0.000314902947834467,-0.042697691593493896,-0.6092837453136379,-0.05339491015877669,-0.18852141272703904,-0.8051529225952693,-0.10494633816044632,-0.34317657344049207,-0.8773074492352638,-0.17314311854583408,-0.003908887529964473,-0.6750012416087154,-0.21141379976630323,-0.3067836950806136,-0.969189716674369,-0.2958750145638528,-0.47968282678857055,-1.0,-0.3288584685638611,-0.5673543346550621,-0.9751183509009909,-0.34437824577945025,-0.07903398671649277,-0.5127157792734371,-0.253159101651615,-0.39387799706335846,-0.8324051913271641,-0.31860628740803143,-0.5599297988745527,-0.8648291868657133,-0.31867822489009445,-0.633703724484941,-0.8359922083840244,-0.3261343932590604,-0.18641361606880522,-0.3390365192191551,-0.28308526005359064,-0.49127604013637605,-0.6493173805885187,-0.34174795458334695,-0.6176220482411428,-0.69521387326189,-0.31946313959062794,-0.6505779451622186,-0.6832470399479548,-0.30780270403049936,-0.31069950149883974,-0.17506190035511904,-0.3071555984194516,-0.533789101670504,-0.414887817335284,-0.3622190493637756,-0.6107048660067248,-0.4647218208845789,-0.3435535000817666,-0.6288918746471841,-0.4575182156319864,-0.32612891975499037,coração
0.0,0.0,0.0,0.02642632855468156,-0.3346687081861587,0.015506920078750583,-0.06955004486568443,-0.6644177016284539,-0.026713471609397868,-0.2486378487143674,-0.869835132492598,-0.0734544508158861,-0.4158865118395237,-0.9451939717983844,-0.1310320492532658,0.006350514547932751,-0.6946127093779813,-0.1398028190204966,-0.2734236978898384,-1.0,-0.20771031404084606,-0.3984591710782356,-0.9862254880746896,-0.2338680325279208,-0.4316996071045185,-0.9360921548434833,-0.2482059266632884,-0.08041680852750556,-0.5252473357289783,-0.186707697163153,-0.3812660203812377,-0.8550095418568304,-0.23048290419061662,-0.4760186884820233,-0.8530760855370114,-0.223885681037549,-0.4836085146375492,-0.8146078302587351,-0.23137413812906543,-0.19332590869766197,-0.3492340663629153,-0.22520848149880576,-0.4779522405459405,-0.6542992738384613,-0.27019233808640186,-0.5390495176986795,-0.6467224688802957,-0.2417492079743851,-0.5241112362592858,-0.6072117518604035,-0.22878864056422082,-0.31584254614961277,-0.18889525480759842,-0.25779438693350887,-0.5303483897949046,-0.4268656790726763,-0.29903845510790256,-0.5599534224110891,-0.42586668515166054,-0.27352590822680484,-0.5412434937098042,-0.38338560322803145,-0.2549603616256629,coração
0.0,0.0,0.0,-0.006540623708491219,-0.3483249099989543,-0.008945711064264249,-0.11963890036896695,-0.6866262678570539,-0.06587123239812206,-0.3151354123616374,-0.9032219129516857,-0.12046659491685673,-0.49208558439683114,-0.9701261259466915,-0.18797407633157856,0.01960872574453147,-0.6692982657059916,-0.18667670441190481,-0.2700457598677495,-0.9742151361094652,-0.2695026252109846,-0.46199769955833514,-1.0,-0.3123009232824975,-0.5582937893054359,-0.9868376894005407,-0.34080909682144317,-0.036233848360063936,-0.4846208005736166,-0.2248044959381134,-0.34729817607839425,-0.8171979425487101,-0.28666075816854597,-0.5327914515189388,-0.865858358520348,-0.29725782734611317,-0.6163249697506858,-0.8582736728891456,-0.3219319812366978,-0.14158093123073628,-0.3003492488709412,-0.25510093921629257,-0.4482130746747265,-0.6310766764095185,-0.3180815547587138,-0.6069282132738472,-0.6854328266054543,-0.30400964852909784,-0.6712688778126883,-0.6802752563100318,-0.3028728718362566,-0.2836643745238534,-0.14047373164501498,-0.28017672432914864,-0.5103857472202996,-0.41245365506321235,-0.3443126396011933,-0.6081107996275475,-0.4906895847752588,-0.33744146433442673,-0.6570477665300676,-0.5083237149643233,-0.33368980248939284,coração
0.0,0.0,0.0,0.10378924896654645,-0.2867166868503604,-0.021170188436641056,0.08049829823139462,-0.6139262643446891,-0.10201002586525322,-0.05441616481180943,-0.8099820526216376,-0.17865511535261266,-0.20994073764293625,-0.8556814307701411,-0.2604814364053739,0.11625554893645516,-0.6276631788991222,-0.2544520448621415,-0.17376507275500366,-1.0,-0.3720820749134189,-0.17766746411735138,-0.8639555870296236,-0.4131313069117646,-0.10479664375812164,-0.7477859530335871,-0.4297868551743771,0.027616810100396242,-0.4668733679056738,-0.2960271373628412,-0.276000272063978,-0.8497046568635193,-0.39176454550703005,-0.2563084834896964,-0.7306604521526431,-0.3770166300498583,-0.17639916586700494,-0.6269219519621773,-0.3703524839759289,-0.09182138199656635,-0.3180324720571132,-0.32963525110243,-0.36866058818463204,-0.6829690266110999,-0.3950127830399404,-0.34411544778003583,-0.5818972587869611,-0.3301317362758908,-0.26007610631805417,-0.4762960047657523,-0.29009658485186124,-0.22255149263521548,-0.19322354330481506,-0.36211525745339723,-0.4314945219749571,-0.5010683564956222,-0.4140443637295468,-0.39092498172728196,-0.4217935038618555,-0.36749399599043847,-0.3129733876366295,-0.3114873539735555,-0.3307694388682689,coração
0.0,0.0,0.0,0.10378924896654645,-0.2867166868503604,-0.021170188436641056,0.08049829823139462,-0.6139262643446891,-0.10201002586525322,-0.05441616481180943,-0.8099820526216376,-0.17865511535261266,-0.20994073764293625,-0.8556814307701411,-0.2604814364053739,0.11625554893645516,-0.6276631788991222,-0.2544520448621415,-0.17376507275500366,-1.0,-0.3720820749134189,-0.17766746411735138,-0.8639555870296236,-0.4131313069117646,-0.10479664375812164,-0.7477859530335871,-0.4297868551743771,0.027616810100396242,-0.4668733679056738,-0.2960271373628412,-0.276000272063978,-0.8497046568635193,-0.39176454550703005,-0.2563084834896964,-0.7306604521526431,-0.3770166300498583,-0.17639916586700494,-0.6269219519621773,-0.3703524839759289,-0.09182138199656635,-0.3180324720571132,-0.32963525110243,-0.36866058818463204,-0.6829690266110999,-0.3950127830399404,-0.34411544778003583,-0.5818972587869611,-0.3301317362758908,-0.26007610631805417,-0.4762960047657523,-0.29009658485186124,-0.22255149263521548,-0.19322354330481506,-0.36211525745339723,-0.4314945219749571,-0.5010683564956222,-0.4140443637295468,-0.39092498172728196,-0.4217935038618555,-0.36749399599043847,-0.3129733876366295,-0.3114873539735555,-0.3307694388682689,coração
0.0,0.0,0.0,0.12351357468707007,-0.28446989844031645,-0.03953084827422552,0.09263712850998047,-0.6181181488760142,-0.13098194238214528,-0.060612958802697584,-0.8217068622355248,-0.21576193066255508,-0.23177804965765209,-0.8711492079539145,-0.3066040641473025,0.15678955069566675,-0.6320232608764332,-0.2853642273646676,-0.1275290923246638,-1.0,-0.4024078460521341,-0.15444455071514168,-0.8830877831062194,-0.43304537250019376,-0.09052041818336831,-0.7657384618513923,-0.4440762798898974,0.05093434302998146,-0.45690107722422285,-0.3217379100468092,-0.2661926608879451,-0.8570175374059631,-0.4213808801752703,-0.2702880258073339,-0.757552276166863,-0.4036425306294044,-0.19739221807093296,-0.660467935365681,-0.3970901847855095,-0.08767231541104471,-0.3002744669166096,-0.3504863125602026,-0.3732550988656493,-0.6936746671190624,-0.42420258357529306,-0.36317378447119675,-0.6040503128758394,-0.3624492584445188,-0.27880896418816953,-0.4987726455763091,-0.32531989373026604,-0.23146342107301762,-0.16958588905945096,-0.3785875247241678,-0.4373116610355219,-0.4896291580634286,-0.43729023468465095,-0.40992166310852174,-0.4293940132282494,-0.3967294654934974,-0.33114355589158256,-0.32413755198187877,-0.36440289314039154,coração
0.0,0.0,0.0,0.12351357468707007,-0.28446989844031645,-0.03953084827422552,0.09263712850998047,-0.6181181488760142,-0.13098194238214528,-0.060612958802697584,-0.8217068622355248,-0.21576193066255508,-0.23177804965765209,-0.8711492079539145,-0.3066040641473025,0.15678955069566675,-0.6320232608764332,-0.2853642273646676,-0.1275290923246638,-1.0,-0.4024078460521341,-0.15444455071514168,-0.8830877831062194,-0.43304537250019376,-0.09052041818336831,-0.7657384618513923,-0.4440762798898974,0.05093434302998146,-0.45690107722422285,-0.3217379100468092,-0.2661926608879451,-0.8570175374059631,-0.4213808801752703,-0.2702880258073339,-0.757552276166863,-0.4036425306294044,-0.19739221807093296,-0.660467935365681,-0.3970901847855095,-0.08767231541104471,-0.3002744669166096,-0.3504863125602026,-0.3732550988656493,-0.6936746671190624,-0.42420258357529306,-0.36317378447119675,-0.6040503128758394,-0.3624492584445188,-0.27880896418816953,-0.4987726455763091,-0.32531989373026604,-0.23146342107301762,-0.16958588905945096,-0.3785875247241678,-0.4373116610355219,-0.4896291580634286,-0.43729023468465095,-0.40992166310852174,-0.4293940132282494,-0.3967294654934974,-0.33114355589158256,-0.32413755198187877,-0.36440289314039154,coração
0.0,0.0,0.0,0.06850905274405447,-0.2915942499334549,0.019494502387510777,0.04216278949493569,-0.5879315408620165,-0.02289758155611591,-0.06831888319993472,-0.7970066326847736,-0.07144771671029417,-0.204268281399682,-0.8795616610987036,-0.12750453128502467,0.0918691606965861,-0.6888548215903165,-0.1380340666364896,-0.16919490622715105,-1.0,-0.22492281840212935,-0.21954447561744606,-0.9165809527740887,-0.25593535260583944,-0.18702491420307432,-0.8078764733039064,-0.267431642449277,0.012142761908964397,-0.5774718363555013,-0.19449699614897137,-0.26295760139647456,-0.932092296757486,-0.25772248607990206,-0.3105931742988328,-0.845194684172893,-0.24731269633396913,-0.27931370051048754,-0.7377056196333922,-0.24257855174343387,-0.10082345120713535,-0.44231139503689754,-0.245205719322753,-0.3650494189343009,-0.7694290121479811,-0.3023042198396934,-0.3845793756194863,-0.6794309907083578,-0.25843294108710696,-0.3273394815792233,-0.5784289471449184,-0.22940100750220702,-0.23005808047379167,-0.29965956425173174,-0.29138769088936955,-0.43643132236632026,-0.5542288288108758,-0.3415858553357309,-0.42930527858082657,-0.4873720874950714,-0.30837491280555546,-0.3675986777333195,-0.39978079259135896,-0.279074758553762,coração
0.0,0.0,0.0,0.06850905274405447,-0.2915942499334549,0.019494502387510777,0.04216278949493569,-0.5879315408620165,-0.02289758155611591,-0.06831888319993472,-0.7970066326847736,-0.07144771671029417,-0.204268281399682,-0.8795616610987036,-0.12750453128502467,0.0918691606965861,-0.6888548215903165,-0.1380340666364896,-0.16919490622715105,-1.0,-0.22492281840212935,-0.21954447561744606,-0.9165809527740887,-0.25593535260583944,-0.18702491420307432,-0.8078764733039064,-0.267431642449277,0.012142761908964397,-0.5774718363555013,-0.19449699614897137,-0.26295760139647456,-0.932092296757486,-0.25772248607990206,-0.3105931742988328,-0.845194684172893,-0.24731269633396913,-0.27931370051048754,-0.7377056196333922,-0.24257855174343387,-0.10082345120713535,-0.44231139503689754,-0.245205719322753,-0.3650494189343009,-0.7694290121479811,-0.3023042198396934,-0.3845793756194863,-0.6794309907083578,-0.25843294108710696,-0.3273394815792233,-0.5784289471449184,-0.22940100750220702,-0.23005808047379167,-0.29965956425173174,-0.29138769088936955,-0.43643132236632026,-0.5542288288108758,-0.3415858553357309,-0.42930527858082657,-0.4873720874950714,-0.30837491280555546,-0.3675986777333195,-0.39978079259135896,-0.279074758553762,coração
0.0,0.0,0.0,0.06850905274405447,-0.2915942499334549,0.019494502387510777,0.04216278949493569,-0.5879315408620165,-0.02289758155611591,-0.06831888319993472,-0.7970066326847736,-0.07144771671029417,-0.204268281399682,-0.8795616610987036,-0.12750453128502467,0.0918691606965861,-0.6888548215903165,-0.1380340666364896,-0.16919490622715105,-1.0,-0.22492281840212935,-0.21954447561744606,-0.9165809527740887,-0.25593535260583944,-0.18702491420307432,-0.8078764733039064,-0.267431642449277,0.012142761908964397,-0.5774718363555013,-0.19449699614897137,-0.26295760139647456,-0.932092296757486,-0.25772248607990206,-0.3105931742988328,-0.845194684172893,-0.24731269633396913,-0.27931370051048754,-0.7377056196333922,-0.24257855174343387,-0.10082345120713535,-0.44231139503689754,-0.245205719322753,-0.3650494189343009,-0.7694290121479811,-0.3023042198396934,-0.3845793756194863,-0.6794309907083578,-0.25843294108710696,-0.3273394815792233,-0.5784289471449184,-0.22940100750220702,-0.23005808047379167,-0.29965956425173174,-0.29138769088936955,-0.43643132236632026,-0.5542288288108758,-0.3415858553357309,-0.42930527858082657,-0.4873720874950714,-0.30837491280555546,-0.3675986777333195,-0.39978079259135896,-0.279074758553762,coração
0.0,0.0,0.0,0.07412167591282559,-0.2811889016807815,0.02113795252240087,0.04320137347099769,-0.5594302584592745,-0.010774382543023864,-0.0665137740618245,-0.7448279775163676,-0.05066627706909035,-0.1993923342600846,-0.8364841045990413,-0.10650550212139169,0.08780769941777569,-0.683277661145816,-0.09455306477776954,-0.1427373877328394,-0.9365381905105308,-0.16077600123094174,-0.3053621010592053,-0.9954434221098813,-0.20197656204052822,-0.40227215737810534,-1.0,-0.2278906459752737,0.011795853596484324,-0.5906549428666082,-0.1463696787617689,-0.2524393569725068,-0.9041079668273077,-0.18242878340656812,-0.4001279392627111,-0.9183383270522903,-0.18601469764150416,-0.47430177925260775,-0.8885963836567201,-0.19823182191829955,-0.09528894322901128,-0.4644189745457607,-0.19191130889832894,-0.3689167992122309,-0.7313810851226222,-0.22529246311547427,-0.4423403916515513,-0.7003338500932548,-0.20484176548958039,-0.4430686753802029,-0.6503216784752714,-0.19887986905998267,-0.22252737698886985,-0.3199393066387482,-0.2337918444678234,-0.4203326420830489,-0.5183429028485247,-0.2675285494918646,-0.44888158388441174,-0.49806132665145064,-0.2415957047925585,-0.4291119477700315,-0.44776582173063934,-0.22227774552446627,coração
0.0,0.0,0.0,0.07412167591282559,-0.2811889016807815,0.02113795252240087,0.04320137347099769,-0.5594302584592745,-0.010774382543023864,-0.0665137740618245,-0.7448279775163676,-0.05066627706909035,-0.1993923342600846,-0.8364841045990413,-0.10650550212139169,0.08780769941777569,-0.683277661145816,-0.09455306477776954,-0.1427373877328394,-0.9365381905105308,-0.16077600123094174,-0.3053621010592053,-0.9954434221098813,-0.20197656204052822,-0.40227215737810534,-1.0,-0.2278906459752737,0.011795853596484324,-0.5906549428666082,-0.1463696787617689,-0.2524393569725068,-0.9041079668273077,-0.18242878340656812,-0.4001279392627111,-0.9183383270522903,-0.18601469764150416,-0.47430177925260775,-0.8885963836567201,-0.19823182191829955,-0.09528894322901128,-0.4644189745457607,-0.19191130889832894,-0.3689167992122309,-0.7313810851226222,-0.22529246311547427,-0.4423403916515513,-0.7003338500932548,-0.20484176548958039,-0.4430686753802029,-0.6503216784752714,-0.19887986905998267,-0.22252737698886985,-0.3199393066387482,-0.2337918444678234,-0.4203326420830489,-0.5183429028485247,-0.2675285494918646,-0.44888158388441174,-0.49806132665145064,-0.2415957047925585,-0.4291119477700315,-0.44776582173063934,-0.22227774552446627,coração
0.0,0.0,0.0,0.07850443492318517,-0.2965739143571226,0.0307113829505165,0.05434953113947431,-0.5908909133837246,-0.0013121093743834861,-0.05554421217702448,-0.7772932693015715,-0.04395744377465223,-0.1864319996655577,-0.8544836881002681,-0.09498705925628949,0.08400943089230056,-0.7257454523688157,-0.07723032967425209,-0.1598525793623459,-1.0,-0.15127458009361136,-0.24118039123096138,-0.9428178757499417,-0.18695004661446626,-0.2343440869511928,-0.8499823990247967,-0.2041399879778031,-0.015706625710155405,-0.6328138234876344,-0.13467558969124974,-0.2750970191406449,-0.9659568160904742,-0.18263061052975924,-0.33509121390671814,-0.8666592874004097,-0.17276792426464818,-0.31447075696544935,-0.7538053498413537,-0.16636679875235527,-0.13415088002500716,-0.504240908656877,-0.18771149663078457,-0.39318535845894315,-0.7834058670867464,-0.22915762458251085,-0.4043043291748159,-0.6698802896156146,-0.18804629520769464,-0.34646947240304854,-0.5710850894324315,-0.1608998313410003,-0.2577113411563057,-0.35231898192729016,-0.23650936902680222,-0.450691188633523,-0.5538900055439508,-0.2671063009939262,-0.4364414771137441,-0.4690606209890085,-0.22685545978132587,-0.37246000825654385,-0.38856112384008146,-0.1934889870500108,coração
0.0,0.0,0.0,0.07023987375916241,-0.2878734443784424,0.013608199261919337,0.041835295717233614,-0.5855272032467161,-0.02415581002469468,-0.07243108963074146,-0.7835134624200829,-0.07000399412198786,-0.2042864187372819,-0.85630413819172,-0.1213265153272949,0.08451209312930423,-0.7242865473000408,-0.08723187253745965,-0.18877765937667126,-1.0,-0.17498103836481602,-0.2490817745829283,-0.9062394720979368,-0.21824649737915458,-0.20871774328724652,-0.8007985305666238,-0.23865103860538422,-0.010024778523863829,-0.620780864874794,-0.13746755753688356,-0.3049926470867533,-0.9283514874662511,-0.19958175360229824,-0.34463253890313955,-0.8241322817289237,-0.19556088026963303,-0.29601438889981346,-0.7213718737213728,-0.19260327939096503,-0.12973501754443378,-0.48747355576054174,-0.18707231714449052,-0.40410596337383353,-0.7443304553780578,-0.24562914758160684,-0.40549210366560673,-0.6395192765734596,-0.21044841123061336,-0.33349705605891444,-0.5517627269096171,-0.18397533037311145,-0.25222006944531694,-0.33768528011925947,-0.2338161292581996,-0.45213214030988885,-0.5201976477105749,-0.27763141320804496,-0.4379707576213124,-0.437556727099929,-0.24697844782522352,-0.37371197403343936,-0.3632139482022592,-0.21830332796236493,coração
0.0,0.0,0.0,0.07023987375916241,-0.2878734443784424,0.013608199261919337,0.041835295717233614,-0.5855272032467161,-0.02415581002469468,-0.07243108963074146,-0.7835134624200829,-0.07000399412198786,-0.2042864187372819,-0.85630413819172,-0.1213265153272949,0.08451209312930423,-0.7242865473000408,-0.08723187253745965,-0.18877765937667126,-1.0,-0.17498103836481602,-0.2490817745829283,-0.9062394720979368,-0.21824649737915458,-0.20871774328724652,-0.8007985305666238,-0.23865103860538422,-0.010024778523863829,-0.620780864874794,-0.13746755753688356,-0.3049926470867533,-0.9283514874662511,-0.19958175360229824,-0.34463253890313955,-0.8241322817289237,-0.19556088026963303,-0.29601438889981346,-0.7213718737213728,-0.19260327939096503,-0.12973501754443378,-0.48747355576054174,-0.18707231714449052,-0.40410596337383353,-0.7443304553780578,-0.24562914758160684,-0.40549210366560673,-0.6395192765734596,-0.21044841123061336,-0.33349705605891444,-0.5517627269096171,-0.18397533037311145,-0.25222006944531694,-0.33768528011925947,-0.2338161292581996,-0.45213214030988885,-0.5201976477105749,-0.27763141320804496,-0.4379707576213124,-0.437556727099929,-0.24697844782522352,-0.37371197403343936,-0.3632139482022592,-0.21830332796236493,coração
0.0,0.0,0.0,0.05465211907311419,-0.2999476345254386,0.03816367846095854,0.022745818512576264,-0.5865596409310495,0.008462609435860132,-0.08133032731333925,-0.7559224938366758,-0.034945417898278756,-0.20780168535283,-0.8104370760336544,-0.08359676854046512,0.07036288879298051,-0.7458403080375084,-0.05720715639821365,-0.18111708878775712,-1.0,-0.13198699053287466,-0.22385329099251833,-0.8792987084873969,-0.1693825766513454,-0.172389509694189,-0.7713163838548993,-0.1879811158105554,-0.023580434364753433,-0.64406734121114,-0.11855026482368135,-0.29289839989372835,-0.9384318616574434,-0.17145412015893782,-0.31611939703983816,-0.8026375890161397,-0.16224207352566958,-0.25452598723575115,-0.6884378272254998,-0.1554494757528275,-0.136415349340847,-0.5112685353017892,-0.1770008771540126,-0.3925272382200699,-0.7693816608855458,-0.22193692955255614,-0.39082963483771493,-0.6442918720403502,-0.17926883816418715,-0.3184454049061207,-0.5527043376162041,-0.14980963006093528,-0.25068500692099843,-0.36037573872052,-0.23162534088702272,-0.44027902699800026,-0.546671504256973,-0.26178492781793805,-0.4241716174618471,-0.45465801887900303,-0.22279002927111285,-0.3613320145826667,-0.37770500932977263,-0.18976386945664483,coração
0.0,0.0,0.0,0.039062920969018936,-0.30197420212671083,0.039622346811063885,-0.009549865543375427,-0.580754425296733,0.012997373541863193,-0.10938759386758383,-0.7351496446000594,-0.028432032834439246,-0.23254462377209645,-0.7711895210385237,-0.07376328517074396,0.049213396359504516,-0.7263258992766585,-0.06334485639914787,-0.20001875614996134,-1.0,-0.13364540938639802,-0.2507518888043809,-0.8643988560062769,-0.16615531832237984,-0.20559528433966617,-0.752759209898591,-0.18314199028482697,-0.048618418989860225,-0.6375480098297996,-0.12338817507927816,-0.3083177798726422,-0.9384522289872449,-0.17444932914011604,-0.34634169649845775,-0.8041267472649158,-0.16199288227212086,-0.3002197792707181,-0.6818791747218917,-0.15310215740418837,-0.16657498245013896,-0.5116679586944143,-0.1800284506163208,-0.4156394748803709,-0.7680236932042094,-0.22396684407979317,-0.44539059635357164,-0.6409314390435452,-0.1842599197185208,-0.40510552164908425,-0.5369705494650743,-0.1568179849287164,-0.2810112474942516,-0.3598328881485727,-0.23346524286032425,-0.4712659162078857,-0.5045503846700485,-0.27151161899003495,-0.5151976445730235,-0.4222976264927708,-0.24513343624129957,-0.5209192090574744,-0.35029522630637333,-0.2208207299166094,coração
0.0,0.0,0.0,0.04899271285070706,-0.30838851958279245,0.04415838133280919,-0.003566498563714051,-0.5958189249120254,0.0157547168803663,-0.12148796998629274,-0.7555822098917693,-0.026692812838439054,-0.2579259905099166,-0.7728650578264158,-0.07456060134999007,0.04515081123423823,-0.7325400899656423,-0.08151559288516855,-0.22231703381428874,-1.0,-0.14984926773054463,-0.26169018704860536,-0.8574465995319309,-0.17931541062176382,-0.2077461221247065,-0.7471865778267641,-0.19599629822083658,-0.05625634740653255,-0.6332187755982831,-0.14322134151262883,-0.3405498093903151,-0.9195947917276509,-0.18835873821833996,-0.3660629120824622,-0.774900001886985,-0.17104476712598365,-0.30648953521622185,-0.6565461689606438,-0.16277597432710578,-0.17820764480554135,-0.49729701483799266,-0.19897631940345367,-0.44868682773132623,-0.7362227106879319,-0.2315766961230898,-0.4626065844166966,-0.599023315877915,-0.18344782326766043,-0.403344318166973,-0.5013460009705877,-0.15578855325993346,-0.3005029540993299,-0.33378617749562245,-0.25124943484968454,-0.5018299400664509,-0.47183974755042724,-0.278891927624709,-0.5220631617451031,-0.3865439578012076,-0.24509527494269837,-0.4996870991668719,-0.32226376277404223,-0.21936412870570948,coração
0.0,0.0,0.0,0.04899271285070706,-0.30838851958279245,0.04415838133280919,-0.003566498563714051,-0.5958189249120254,0.0157547168803663,-0.12148796998629274,-0.7555822098917693,-0.026692812838439054,-0.2579259905099166,-0.7728650578264158,-0.07456060134999007,0.04515081123423823,-0.7325400899656423,-0.08151559288516855,-0.22231703381428874,-1.0,-0.14984926773054463,-0.26169018704860536,-0.8574465995319309,-0.17931541062176382,-0.2077461221247065,-0.7471865778267641,-0.19599629822083658,-0.05625634740653255,-0.6332187755982831,-0.14322134151262883,-0.3405498093903151,-0.9195947917276509,-0.18835873821833996,-0.3660629120824622,-0.774900001886985,-0.17104476712598365,-0.30648953521622185,-0.6565461689606438,-0.16277597432710578,-0.17820764480554135,-0.49729701483799266,-0.19897631940345367,-0.44868682773132623,-0.7362227106879319,-0.2315766961230898,-0.4626065844166966,-0.599023315877915,-0.18344782326766043,-0.403344318166973,-0.5013460009705877,-0.15578855325993346,-0.3005029540993299,-0.33378617749562245,-0.25124943484968454,-0.5018299400664509,-0.47183974755042724,-0.278891927624709,-0.5220631617451031,-0.3865439578012076,-0.24509527494269837,-0.4996870991668719,-0.32226376277404223,-0.21936412870570948,coração
0.0,0.0,0.0,0.06151306927805855,-0.3141531979412913,0.05053830005293816,0.01821423219884641,-0.5979156847088417,0.02785962437023262,-0.09261280953633012,-0.745383132175865,-0.01137422679691892,-0.22442820267690286,-0.7677119948495933,-0.058011230606561874,0.028343594161526157,-0.7109994624222663,-0.06355821948463998,-0.22024581963641005,-1.0,-0.14081025519175663,-0.24828467871147747,-0.8761500265961636,-0.17908811977225012,-0.1895301788708121,-0.7547670139717705,-0.19701570358853504,-0.08372692424354412,-0.6141651934774979,-0.12617765736250441,-0.34764669389693775,-0.9100296414950235,-0.1765080571410111,-0.3553572589755489,-0.7758113041571197,-0.1663225292101926,-0.2849124628774505,-0.6583487518382048,-0.15886933048131555,-0.20468676100731809,-0.47546771484227485,-0.18358690022606913,-0.45661281195967074,-0.7075348930761522,-0.22150266470320712,-0.4408886632489486,-0.5834012878439983,-0.1763015430801828,-0.36202528271297835,-0.4950614337048718,-0.1469427963754212,-0.32288227289966037,-0.3119027222597167,-0.23611159709644583,-0.505912749235537,-0.4582129235948966,-0.25995300298136703,-0.48523690780117784,-0.3691093132616105,-0.2169404735024378,-0.4267579619866708,-0.29892007862932624,-0.18285945627692857,coração
0.0,0.0,0.0,0.05081258538854617,-0.31968042753613407,0.04568580912829666,-0.0041221680375142,-0.6161849846350232,0.015458502560890416,-0.1294023972697893,-0.7608305025947004,-0.02921074966863876,-0.2677796715522874,-0.7854779734266478,-0.08032773021553032,0.012690891279790234,-0.7221064744066563,-0.07319007137596513,-0.23633584798715232,-1.0,-0.15144519463911943,-0.240268384982571,-0.8698027599007052,-0.19188029319169178,-0.1715983306911342,-0.7515143690912713,-0.20987833565554975,-0.1054694911338805,-0.5996728938947339,-0.13524769197376632,-0.3637544128165578,-0.8943440532260895,-0.1824072873838814,-0.34786311318006197,-0.7640874728006967,-0.17165845216105152,-0.27094673818730586,-0.6501615882726051,-0.16570762465127328,-0.2283903966315335,-0.44631407266748857,-0.1920172324057639,-0.4580278331929541,-0.7050759992791837,-0.22994109648506003,-0.42215601067887715,-0.5897557163191057,-0.18347852663613773,-0.34137368290276204,-0.5000698588454396,-0.15300779014925966,-0.3464202898665775,-0.27900293168995693,-0.2433969371608491,-0.4950898360936839,-0.4679407438220568,-0.26665214303407275,-0.4488686836291353,-0.3852014752917996,-0.21896464943449254,-0.3794735461223181,-0.3088259109633138,-0.18118615923100484,coração
0.0,0.0,0.0,0.05081258538854617,-0.31968042753613407,0.04568580912829666,-0.0041221680375142,-0.6161849846350232,0.015458502560890416,-0.1294023972697893,-0.7608305025947004,-0.02921074966863876,-0.2677796715522874,-0.7854779734266478,-0.08032773021553032,0.012690891279790234,-0.7221064744066563,-0.07319007137596513,-0.23633584798715232,-1.0,-0.15144519463911943,-0.240268384982571,-0.8698027599007052,-0.19188029319169178,-0.1715983306911342,-0.7515143690912713,-0.20987833565554975,-0.1054694911338805,-0.5996728938947339,-0.13524769197376632,-0.3637544128165578,-0.8943440532260895,-0.1824072873838814,-0.34786311318006197,-0.7640874728006967,-0.17165845216105152,-0.27094673818730586,-0.6501615882726051,-0.16570762465127328,-0.2283903966315335,-0.44631407266748857,-0.1920172324057639,-0.4580278331929541,-0.7050759992791837,-0.22994109648506003,-0.42215601067887715,-0.5897557163191057,-0.18347852663613773,-0.34137368290276204,-0.5000698588454396,-0.15300779014925966,-0.3464202898665775,-0.27900293168995693,-0.2433969371608491,-0.4950898360936839,-0.4679407438220568,-0.26665214303407275,-0.4488686836291353,-0.3852014752917996,-0.21896464943449254,-0.3794735461223181,-0.3088259109633138,-0.18118615923100484,coração
0.0,0.0,0.0,0.056168694824229454,-0.32580608980105563,0.03320585473951196,0.00994212806185088,-0.620669681305859,-0.004404465992660732,-0.10361253213642858,-0.7703186647936981,-0.05392094345834435,-0.24143153144337398,-0.7892223546009167,-0.11007595052324579,0.01765367868734709,-0.7283133388108827,-0.10206067837711609,-0.23133074459668249,-1.0,-0.1799816530959851,-0.24350766876777977,-0.8727661095297712,-0.22126527649212133,-0.17684474999456617,-0.7614686227491202,-0.24307093176986913,-0.10378962468760039,-0.6018428447134939,-0.15904229312552315,-0.353995078642941,-0.8884283911916678,-0.2086370001767506,-0.34623235368106264,-0.7635421921856789,-0.19871073799338376,-0.26952229857510657,-0.650171777940431,-0.19580510411164437,-0.22561361743588512,-0.44803700106283045,-0.20975845641127505,-0.4455798075239664,-0.6877242029757602,-0.24761914262611023,-0.41621316697333055,-0.5794391237706351,-0.20621685759110947,-0.3374026713187012,-0.4844239718566829,-0.18141219590253796,-0.33627729446969584,-0.2847536336300864,-0.2565246006075321,-0.47083168293041494,-0.44577725975735477,-0.2796838996218392,-0.4254376620921885,-0.370592621742875,-0.23943131758768135,-0.35685332123735874,-0.2953214092238348,-0.20892490167404015,coração
0.0,0.0,0.0,0.055177296654683045,-0.3185222349552186,0.038101847847682155,0.009458447168226062,-0.5981097215950983,0.009494440814159323,-0.08921238161647453,-0.7398343416532828,-0.03217474292201081,-0.20929164213739063,-0.7860310654945959,-0.07895136162203538,-0.019843172192660078,-0.7286480987191432,-0.08468416823679524,-0.261090596618675,-1.0,-0.15753672649442124,-0.27278873934762604,-0.8814041950777601,-0.19586497804048006,-0.2054709692445745,-0.7696129423128583,-0.2138521785808862,-0.14648648484519408,-0.6121912526220129,-0.13909127650842434,-0.38279307602837204,-0.899901353015815,-0.18421271607209855,-0.3772535379313104,-0.7777242142534622,-0.1732407508019812,-0.29834764961905796,-0.6621754276667372,-0.16713646631143758,-0.26721374692074235,-0.46197670480850017,-0.18745089308011748,-0.47463345402689744,-0.7011471485073817,-0.22317099641743265,-0.4463811756620047,-0.5983024431158944,-0.18116839923148834,-0.3675599490743651,-0.5012322388989546,-0.15347786435871671,-0.3749615092792108,-0.297930324472311,-0.23157121668080563,-0.4947041769308589,-0.4630848089002692,-0.2529999654448159,-0.453483651356588,-0.3946418773326627,-0.2112102728490374,-0.3875877159767034,-0.3174884331365276,-0.17748237688222193,coração
0.0,0.0,0.0,0.055177296654683045,-0.3185222349552186,0.038101847847682155,0.009458447168226062,-0.5981097215950983,0.009494440814159323,-0.08921238161647453,-0.7398343416532828,-0.03217474292201081,-0.20929164213739063,-0.7860310654945959,-0.07895136162203538,-0.019843172192660078,-0.7286480987191432,-0.08468416823679524,-0.261090596618675,-1.0,-0.15753672649442124,-0.27278873934762604,-0.8814041950777601,-0.19586497804048006,-0.2054709692445745,-0.7696129423128583,-0.2138521785808862,-0.14648648484519408,-0.6121912526220129,-0.13909127650842434,-0.38279307602837204,-0.899901353015815,-0.18421271607209855,-0.3772535379313104,-0.7777242142534622,-0.1732407508019812,-0.29834764961905796,-0.6621754276667372,-0.16713646631143758,-0.26721374692074235,-0.46197670480850017,-0.18745089308011748,-0.47463345402689744,-0.7011471485073817,-0.22317099641743265,-0.4463811756620047,-0.5983024431158944,-0.18116839923148834,-0.3675599490743651,-0.5012322388989546,-0.15347786435871671,-0.3749615092792108,-0.297930324472311,-0.23157121668080563,-0.4947041769308589,-0.4630848089002692,-0.2529999654448159,-0.453483651356588,-0.3946418773326627,-0.2112102728490374,-0.3875877159767034,-0.3174884331365276,-0.17748237688222193,coração
0.0,0.0,0.0,0.06993479878466946,-0.3260989974033205,0.03776423282494192,0.014451636389077767,-0.6278893798505543,0.008783889059614552,-0.11485032106852304,-0.7623107240749284,-0.03146609628487,-0.2572386175724436,-0.7740941684394488,-0.07751412437900346,-0.016938086357266076,-0.7382610118377393,-0.09518845964946114,-0.284325927367311,-1.0,-0.16722713340251932,-0.27000765958501227,-0.8775443887891661,-0.19908061723831708,-0.18667314196760237,-0.7654671144353662,-0.21202821285012552,-0.14660635198963368,-0.5967037183604844,-0.15031333625617024,-0.41016576697516355,-0.8843479186116255,-0.19822444817502383,-0.37287320799599455,-0.761298252288219,-0.1842420388019073,-0.2795272082889682,-0.6513628012363197,-0.17487518303240324,-0.2714185063153315,-0.4241684686004386,-0.19832791360886898,-0.49480891849720543,-0.6844608082137571,-0.23855469581064623,-0.4398747173205008,-0.5792160330929055,-0.19255883315261718,-0.3448680780417699,-0.49127911425754134,-0.16011057680139276,-0.3832319586163772,-0.23878063925103687,-0.24098482396111515,-0.5086824420593571,-0.42911950483078587,-0.26840302728192056,-0.4473433593001282,-0.3639603771343532,-0.2244580713482201,-0.3692423752147198,-0.2957102679980206,-0.18763467106093099,coração
0.0,0.0,0.0,0.06955500074814305,-0.3141210824830068,0.029750220201637128,0.023337734359340168,-0.6238445895141399,0.0017077041494986136,-0.09588323698442827,-0.7853516413505723,-0.03418652912621045,-0.23623082706979187,-0.820261219557871,-0.07626189736316194,-0.011832799908905348,-0.7303306604079873,-0.11940296655839529,-0.2848600313749552,-1.0,-0.19105149742188413,-0.2862858320527069,-0.8864051585169264,-0.21423382741225708,-0.21030282384007243,-0.7789176110992433,-0.22171570494076884,-0.1379448745613482,-0.5803973345404002,-0.17095681027272322,-0.4146868480215616,-0.8785171898805888,-0.22363436249922516,-0.3896594396361484,-0.7614012766425975,-0.2047988024600394,-0.30100655825022987,-0.6511887946050887,-0.1925926015304599,-0.2639161665714627,-0.40313975406326374,-0.21511106043105663,-0.501406320726574,-0.6660978269973302,-0.26744820756868015,-0.4522578392687584,-0.5615849716411435,-0.2240045992041585,-0.36031896302667626,-0.468385921359343,-0.19205759690514781,-0.38028214874213156,-0.21932844044640143,-0.25336453223829736,-0.5141705822623281,-0.4090955373972715,-0.29671958681509775,-0.4534154377201493,-0.3423626828127544,-0.2625670917344912,-0.37348411631130657,-0.2703126485111012,-0.23139262947995506,coração
0.0,0.0,0.0,0.0649247119313665,-0.32169807550091806,0.024737455238125056,-0.0012269917531849482,-0.6387941669699404,-0.017006036862446196,-0.15386908785899692,-0.7978242315189626,-0.06518179770586151,-0.31379434386635124,-0.8290084870116918,-0.1196013728523174,-0.014935316154046367,-0.7314681885750163,-0.14978409584841096,-0.3052663113311809,-1.0,-0.22433958624446576,-0.29973538209337874,-0.888428851976717,-0.24305176029370493,-0.2174906947706935,-0.7842372484939422,-0.247377546875548,-0.14100020864214508,-0.5709881471755189,-0.20429547784158025,-0.4273834496483013,-0.8758238830808431,-0.2627727697927553,-0.3900492230996497,-0.7633957914718336,-0.2422302437999792,-0.2977923901650185,-0.6524957023734144,-0.22912606845184227,-0.26945090780369435,-0.3869103158145965,-0.2491030279333847,-0.5106185656321063,-0.6606977674143042,-0.30265664733913133,-0.44810920685577815,-0.5572347859046645,-0.2514119563828982,-0.3532943562012901,-0.46245713130628535,-0.21534569462096023,-0.3875082256831022,-0.1968595054282337,-0.2879286107496865,-0.5184958106148938,-0.40901089280287867,-0.3314420440718833,-0.4496517435579586,-0.348158718726866,-0.2904444840949162,-0.3702511680422195,-0.277207958846819,-0.25509623052146524,coração
0.0,0.0,0.0,0.06249716256325414,-0.3129675681710618,0.008789679335735504,-0.0037291469101507265,-0.644351537807907,-0.039028993672305966,-0.15879874277927147,-0.8367113362831634,-0.08904981290775972,-0.3187507757284151,-0.9150166018058665,-0.14429490119515206,0.0028623769624102225,-0.7263590615697957,-0.16270383764494734,-0.2708088599339903,-1.0,-0.23708290662666362,-0.27206717179697965,-0.9205383267803564,-0.25704711157055493,-0.20371957999895954,-0.8250067757502377,-0.26311513445242424,-0.1277957154656426,-0.5771894831003729,-0.2098335280374888,-0.3992343158674529,-0.8837244238566421,-0.26609483272646384,-0.368484392782691,-0.7821096032888352,-0.24876637514051703,-0.28742976065380776,-0.6721039586163869,-0.23996099300281704,-0.2615258385514566,-0.40219508977796,-0.24760322092015502,-0.49663706509766725,-0.6742114069146361,-0.298767247073869,-0.43930700880487067,-0.5778856658638385,-0.24913460866979342,-0.35159041617622444,-0.4817045001308387,-0.21692334477171163,-0.38612482227660144,-0.21852812584209763,-0.2806236779379325,-0.5167628456241513,-0.4257511243069104,-0.32571478571805257,-0.4525934220568547,-0.366240260407036,-0.28731552285732787,-0.3776133888435007,-0.2954519371826089,-0.2550203779965615,coração
0.0,0.0,0.0,0.06249716256325414,-0.3129675681710618,0.008789679335735504,-0.0037291469101507265,-0.644351537807907,-0.039028993672305966,-0.15879874277927147,-0.8367113362831634,-0.08904981290775972,-0.3187507757284151,-0.9150166018058665,-0.14429490119515206,0.0028623769624102225,-0.7263590615697957,-0.16270383764494734,-0.2708088599339903,-1.0,-0.23708290662666362,-0.27206717179697965,-0.9205383267803564,-0.25704711157055493,-0.20371957999895954,-0.8250067757502377,-0.26311513445242424,-0.1277957154656426,-0.5771894831003729,-0.2098335280374888,-0.3992343158674529,-0.8837244238566421,-0.26609483272646384,-0.368484392782691,-0.7821096032888352,-0.24876637514051703,-0.28742976065380776,-0.6721039586163869,-0.23996099300281704,-0.2615258385514566,-0.40219508977796,-0.24760322092015502,-0.49663706509766725,-0.6742114069146361,-0.298767247073869,-0.43930700880487067,-0.5778856658638385,-0.24913460866979342,-0.35159041617622444,-0.4817045001308387,-0.21692334477171163,-0.38612482227660144,-0.21852812584209763,-0.2806236779379325,-0.5167628456241513,-0.4257511243069104,-0.32571478571805257,-0.4525934220568547,-0.366240260407036,-0.28731552285732787,-0.3776133888435007,-0.2954519371826089,-0.2550203779965615,coração
0.0,0.0,0.0,0.049692519534154565,-0.3111968903602018,0.00781773161477291,-0.038656860889308454,-0.6547450146897978,-0.038902142361196726,-0.21348696096577532,-0.8732473633735185,-0.08708381514683726,-0.3653991098678395,-0.9922779401862188,-0.13828177013951215,0.008051745905958108,-0.7139026697675419,-0.16100546012421674,-0.28301278715405026,-1.0,-0.2336971477335584,-0.30902410684994375,-0.9194040249295435,-0.24892760541292133,-0.2491827335379619,-0.8219512506870151,-0.25227338667867655,-0.11930122373390904,-0.5510420007908409,-0.20927644931031003,-0.42338216948056284,-0.8770214068730117,-0.26670501495669463,-0.4068809240786694,-0.7741283049001904,-0.24702813167307794,-0.3269549725893911,-0.6609849072750258,-0.23610786316049379,-0.25707815751529084,-0.3647612433608829,-0.24837271835931884,-0.5247293987276349,-0.659990776904769,-0.30504608729063476,-0.4716884857994563,-0.5574255350703834,-0.2518324442106241,-0.3817005147769364,-0.45502726656145115,-0.2157136843821745,-0.3893011486669219,-0.17359119046300303,-0.28207576674851315,-0.5437106950776953,-0.39639305155620963,-0.3359395254418282,-0.483888088512499,-0.3339474624416532,-0.29905744086811437,-0.4069741491613496,-0.2565641515371183,-0.26613673757565603,coração
0.0,0.0,0.0,0.060836723409496404,-0.31243994167879674,0.012840094774349536,-0.018172461192270686,-0.6409319217070301,-0.03659907631977575,-0.1844858584386439,-0.8244737797489641,-0.0888992942734014,-0.3507136848611001,-0.8987125673000923,-0.1505432080712281,0.005719033793520928,-0.6966553600294146,-0.1681952520044381,-0.28578790570800733,-0.989595434448818,-0.23728242901993338,-0.3442890193381999,-1.0,-0.25699312404249325,-0.3321731380988118,-0.960745064861475,-0.2666889585676699,-0.12146108200628003,-0.5377054884058085,-0.220001179391597,-0.4358368997922312,-0.8722636234496713,-0.2709832734195195,-0.42340524306246385,-0.8003230525380669,-0.2515537324762488,-0.347577297465753,-0.6983312983805243,-0.244128624081499,-0.2574292911853182,-0.3563933097121575,-0.26108994062642127,-0.5393995689810702,-0.6516862290238092,-0.3085962868772198,-0.4887595818660809,-0.5722615874889609,-0.2570891518428312,-0.3972668336154449,-0.4776186435945955,-0.22623598149923965,-0.38558555943463185,-0.17480678027327431,-0.2973940934016877,-0.5516609911742111,-0.38454338944723265,-0.3438513655408958,-0.4930697711640636,-0.3300634998003347,-0.30551551043840536,-0.41392583015290063,-0.25228959908305165,-0.2748299036928845,coração
0.0,0.0,0.0,0.060836723409496404,-0.31243994167879674,0.012840094774349536,-0.018172461192270686,-0.6409319217070301,-0.03659907631977575,-0.1844858584386439,-0.8244737797489641,-0.0888992942734014,-0.3507136848611001,-0.8987125673000923,-0.1505432080712281,0.005719033793520928,-0.6966553600294146,-0.1681952520044381,-0.28578790570800733,-0.989595434448818,-0.23728242901993338,-0.3442890193381999,-1.0,-0.25699312404249325,-0.3321731380988118,-0.960745064861475,-0.2666889585676699,-0.12146108200628003,-0.5377054884058085,-0.220001179391597,-0.4358368997922312,-0.8722636234496713,-0.2709832734195195,-0.42340524306246385,-0.8003230525380669,-0.2515537324762488,-0.347577297465753,-0.6983312983805243,-0.244128624081499,-0.2574292911853182,-0.3563933097121575,-0.26108994062642127,-0.5393995689810702,-0.6516862290238092,-0.3085962868772198,-0.4887595818660809,-0.5722615874889609,-0.2570891518428312,-0.3972668336154449,-0.4776186435945955,-0.22623598149923965,-0.38558555943463185,-0.17480678027327431,-0.2973940934016877,-0.5516609911742111,-0.38454338944723265,-0.3438513655408958,-0.4930697711640636,-0.3300634998003347,-0.30551551043840536,-0.41392583015290063,-0.25228959908305165,-0.2748299036928845,coração
0.0,0.0,0.0,0.026657677109509188,-0.3240854055410016,0.029899175716278776,-0.06746629014982727,-0.6234655534176342,-0.00856352846526992,-0.22511688996141058,-0.792513938363766,-0.05486497032327132,-0.3790759154649267,-0.8582645169280246,-0.10888807411823345,-0.03522584877523219,-0.70010528702287,-0.1426654102655514,-0.33752087638686273,-1.0,-0.2235093791312964,-0.3760002959590121,-0.9454161369672985,-0.246034313084561,-0.32666515521823614,-0.8495198777230306,-0.24979554953642394,-0.1289018219284262,-0.5425674523428835,-0.19851432002456243,-0.46693192190955285,-0.861439349966388,-0.25413211072219083,-0.4782167440789403,-0.7848043643666932,-0.2360891456243839,-0.40833737902972134,-0.6872015927975921,-0.22670144841894127,-0.24102003777038408,-0.35606381635980705,-0.24535940388027527,-0.5513811354617851,-0.6274346882162811,-0.29487716973000805,-0.5250574014086541,-0.5494967707627315,-0.24736182575876828,-0.4338066699190505,-0.46344906201172203,-0.21650372168486082,-0.3551375596121987,-0.16518588243859147,-0.2859015598388046,-0.5664093643330615,-0.3684551216537936,-0.33091992275023413,-0.5282502373013602,-0.3185921609637185,-0.2949694590877097,-0.44523986726159176,-0.24679658001160887,-0.2636454569700992,coração
0.0,0.0,0.0,0.003570589056916164,-0.299879572251539,0.022499807019833565,-0.09295710591850431,-0.5716821048113185,-0.019458293928684,-0.2446171181145818,-0.7421536296957454,-0.06413552611108349,-0.38396675717200895,-0.8431528223017882,-0.12138026868186673,-0.04317104828352133,-0.6541303140660292,-0.16830935045009357,-0.3015313231381393,-0.9312265574697568,-0.2474498208166913,-0.4596774001233235,-1.0,-0.2763606352966376,-0.5388378637105373,-0.9880662403717418,-0.28573130236756905,-0.10224060339923076,-0.4993568102147259,-0.21976874909489813,-0.4118263626050549,-0.8176391732558417,-0.27576007216490295,-0.554154672153766,-0.8670346498056463,-0.2653937682577294,-0.5978047060506853,-0.8351119279681948,-0.2614400929118616,-0.19051218415395674,-0.3177727168976994,-0.2607574489862236,-0.5030956915141873,-0.5978500155006012,-0.3090018355541861,-0.5872879739181092,-0.6077218544851245,-0.2668057495411792,-0.5710088506729987,-0.5630872769020601,-0.2371270591205508,-0.292980186484157,-0.13129060391023958,-0.2962105392269769,-0.5266797712043115,-0.3500785250241026,-0.343157474366329,-0.5638575375506325,-0.3740908301168166,-0.3128673192921816,-0.53124478345149,-0.34440257957259224,-0.2837127748906241,coração
0.0,0.0,0.0,0.003570589056916164,-0.299879572251539,0.022499807019833565,-0.09295710591850431,-0.5716821048113185,-0.019458293928684,-0.2446171181145818,-0.7421536296957454,-0.06413552611108349,-0.38396675717200895,-0.8431528223017882,-0.12138026868186673,-0.04317104828352133,-0.6541303140660292,-0.16830935045009357,-0.3015313231381393,-0.9312265574697568,-0.2474498208166913,-0.4596774001233235,-1.0,-0.2763606352966376,-0.5388378637105373,-0.9880662403717418,-0.28573130236756905,-0.10224060339923076,-0.4993568102147259,-0.21976874909489813,-0.4118263626050549,-0.8176391732558417,-0.27576007216490295,-0.554154672153766,-0.8670346498056463,-0.2653937682577294,-0.5978047060506853,-0.8351119279681948,-0.2614400929118616,-0.19051218415395674,-0.3177727168976994,-0.2607574489862236,-0.5030956915141873,-0.5978500155006012,-0.3090018355541861,-0.5872879739181092,-0.6077218544851245,-0.2668057495411792,-0.5710088506729987,-0.5630872769020601,-0.2371270591205508,-0.292980186484157,-0.13129060391023958,-0.2962105392269769,-0.5266797712043115,-0.3500785250241026,-0.343157474366329,-0.5638575375506325,-0.3740908301168166,-0.3128673192921816,-0.53124478345149,-0.34440257957259224,-0.2837127748906241,coração
